URL,Time,Video_Name,duration,key_frame_num
https://www.youtube.com/watch?v=-Fqo6LGL4gs,00:48,#NAME?,1507.98,48
https://www.youtube.com/watch?v=nrltqY3xDHg,02:51,nrltqY3xDHg,2944.98,171
https://www.youtube.com/watch?v=ovezVfPAu9c,01:52,ovezVfPAu9c,3003.18,112
https://www.youtube.com/watch?v=1gDvIexJYXE,03:39,1gDvIexJYXE,2896.98,219
https://www.youtube.com/watch?v=QEJnH0nXyNM,02:18,QEJnH0nXyNM,2407.38,138
https://www.youtube.com/watch?v=SL_gHqnA9IA,01:08,SL_gHqnA9IA,2477.98,68
https://www.youtube.com/watch?v=tQPvA6u8I-o,01:35,tQPvA6u8I-o,2450.5,95
https://www.youtube.com/watch?v=asxcNEp1X-0,00:58,asxcNEp1X-0,1647.98,58
https://www.youtube.com/watch?v=zTvXl3wWIIM,00:40,zTvXl3wWIIM,705.98,40
https://www.youtube.com/watch?v=DhgDXRAcoJI,00:46,DhgDXRAcoJI,2499.98,46
https://www.youtube.com/watch?v=ZlIagcttGY0,02:14,ZlIagcttGY0,2411.98,134
https://www.youtube.com/watch?v=FPksoZ1e6rw,02:58,FPksoZ1e6rw,2367.98,178
https://www.youtube.com/watch?v=rslUfl6OsV4,01:33,rslUfl6OsV4,1612.98,93
https://www.youtube.com/watch?v=7ICuQHyxgqA,01:28,7ICuQHyxgqA,2457.98,88
https://www.youtube.com/watch?v=19m_U_HHqrg,02:46,19m_U_HHqrg,2379.98,166
https://www.youtube.com/watch?v=up9PhaEHSAo,02:55,up9PhaEHSAo,2370.98,175
https://www.youtube.com/watch?v=d_XVU7VsG4Y,01:06,d_XVU7VsG4Y,1639.58,66
https://www.youtube.com/watch?v=ib-7tHcolv4,00:49,ib-7tHcolv4,696.1,49
https://www.youtube.com/watch?v=raVms8w61No,01:53,raVms8w61No,3002.9,113
https://www.youtube.com/watch?v=RpJhvPXOul0,01:00,RpJhvPXOul0,2485.98,60
https://www.youtube.com/watch?v=rIe2wugkVR0,01:35,rIe2wugkVR0,2450.98,95
https://www.youtube.com/watch?v=VO0GoapnfkQ,01:46,VO0GoapnfkQ,2439.98,106
https://www.youtube.com/watch?v=QYYxEvP4jBM,01:06,QYYxEvP4jBM,1639.38,66
https://www.youtube.com/watch?v=QtcOJ0X6i7o,02:35,QtcOJ0X6i7o,590.78,155
https://www.youtube.com/watch?v=nWtK-7Uvvs8,02:45,nWtK-7Uvvs8,2380.3,165
https://www.youtube.com/watch?v=HTdrfsG2ikA,01:09,HTdrfsG2ikA,2476.78,69
https://www.youtube.com/watch?v=1xldA6Yp0EM,01:35,1xldA6Yp0EM,2450.98,95
https://www.youtube.com/watch?v=9q9kijygd1c,01:19,9q9kijygd1c,1627.58,79
https://www.youtube.com/watch?v=SoEvHnS7QIo,00:49,SoEvHnS7QIo,696.98,49
https://www.youtube.com/watch?v=rw_OgA9x7B8,00:40,rw_OgA9x7B8,2506.66,40
https://www.youtube.com/watch?v=Pt7s-mV8Ui0,01:19,Pt7s-mV8Ui0,2466.98,79
https://www.youtube.com/watch?v=FIuItUNbmOA,00:40,FIuItUNbmOA,1665.98,40
https://www.youtube.com/watch?v=m_yN8GUfeGs,01:07,m_yN8GUfeGs,923.5,67
https://www.youtube.com/watch?v=rXe4N13jT74,02:29,rXe4N13jT74,2396.98,149
https://www.youtube.com/watch?v=62VotDc_yB4,01:06,62VotDc_yB4,1489.98,66
https://www.youtube.com/watch?v=T9DOER8JmSc,02:33,T9DOER8JmSc,5003.02,153
https://www.youtube.com/watch?v=1cTFk6MNUHQ,02:41,1cTFk6MNUHQ,5197.58,161
https://www.youtube.com/watch?v=OiMSZ-CTKfg,01:10,OiMSZ-CTKfg,675.98,70
https://www.youtube.com/watch?v=8eS0B3Mlyyw,01:34,8eS0B3Mlyyw,1611.22,94
https://www.youtube.com/watch?v=lmvNxjMXf84,02:02,lmvNxjMXf84,2423.38,122
https://www.youtube.com/watch?v=VEdc7ES2ibU,01:02,VEdc7ES2ibU,1643.98,62
https://www.youtube.com/watch?v=IKM-cSQzubg,01:04,IKM-cSQzubg,2482.38,64
https://www.youtube.com/watch?v=OUcyvfHT1Ro,01:05,OUcyvfHT1Ro,681.38,65
https://www.youtube.com/watch?v=lCnaXOhNPu8,01:03,lCnaXOhNPu8,1492.18,63
https://www.youtube.com/watch?v=Le122vas9aM,01:25,Le122vas9aM,5227.5,85
https://www.youtube.com/watch?v=QJKc4WsIkvw,00:56,QJKc4WsIkvw,2489.38,56
https://www.youtube.com/watch?v=0HFzTYlhT2E,00:54,0HFzTYlhT2E,1651.38,54
https://www.youtube.com/watch?v=v82ixd2exjw,00:42,v82ixd2exjw,703.98,42
https://www.youtube.com/watch?v=DVhoPrywEwM,01:25,DVhoPrywEwM,1470.98,85
https://www.youtube.com/watch?v=b5u-Af5jCc8,00:45,b5u-Af5jCc8,2500.98,45
https://www.youtube.com/watch?v=K759eXmaMTY,00:52,K759eXmaMTY,693.98,52
https://www.youtube.com/watch?v=rep17G0tVLU,01:35,rep17G0tVLU,1460.98,95
https://www.youtube.com/watch?v=diQ8CDvHINE,01:10,diQ8CDvHINE,2475.98,70
https://www.youtube.com/watch?v=LX860QuWtpI,00:55,LX860QuWtpI,690.98,55
https://www.youtube.com/watch?v=hbkB-oqn75g,01:47,hbkB-oqn75g,1449.18,107
https://www.youtube.com/watch?v=1Ovbg4vV5yA,00:47,1Ovbg4vV5yA,2498.98,47
https://www.youtube.com/watch?v=-4c-baj28x0,01:19,-4c-baj28x0,1627.1,79
https://www.youtube.com/watch?v=2uI5k-mfHBI,01:25,2uI5k-mfHBI,2460.58,85
https://www.youtube.com/watch?v=PMxk-_kezxw,01:05,PMxk-_kezxw,1640.98,65
https://www.youtube.com/watch?v=bj_dMqBU2i4,00:52,bj_dMqBU2i4,693.98,52
https://www.youtube.com/watch?v=kCNHwH9MxGA,02:32,kCNHwH9MxGA,2883.98,152
https://www.youtube.com/watch?v=gOOyOWsQy-E,02:36,gOOyOWsQy-E,2389.1,156
https://www.youtube.com/watch?v=zBgCCuJ68-g,01:21,zBgCCuJ68-g,2464.98,81
https://www.youtube.com/watch?v=QTyzyP2Afys,01:01,QTyzyP2Afys,2485.78,61
https://www.youtube.com/watch?v=kOAl-u_nuQY,00:49,kOAl-u_nuQY,1656.5,49
https://www.youtube.com/watch?v=YQ6c0EAS0aY,00:53,YQ6c0EAS0aY,692.98,53
https://www.youtube.com/watch?v=akihe-AtpW8,01:30,akihe-AtpW8,2965.62,90
https://www.youtube.com/watch?v=PicwnxJgd_k,02:42,PicwnxJgd_k,2383.98,162
https://www.youtube.com/watch?v=Ti7YDegRMYE,01:25,Ti7YDegRMYE,1620.1,85
https://www.youtube.com/watch?v=RNZg-q35kcY,02:07,RNZg-q35kcY,5029.1,127
https://www.youtube.com/watch?v=WNZ3rcJe99U,00:50,WNZ3rcJe99U,695.98,50
https://www.youtube.com/watch?v=ccrt2o8Bs2U,01:15,ccrt2o8Bs2U,2470.98,75
https://www.youtube.com/watch?v=wJND6YMNGi4,02:01,wJND6YMNGi4,1585.1,121
https://www.youtube.com/watch?v=A-AYpSfXaJ4,00:55,A-AYpSfXaJ4,690.98,55
https://www.youtube.com/watch?v=YdMCL9_UTE4,01:20,YdMCL9_UTE4,3035.98,80
https://www.youtube.com/watch?v=YAmzlo5pbN8,00:35,YAmzlo5pbN8,2212.1,334
https://www.youtube.com/watch?v=aMtkTSHdcUY,01:32,aMtkTSHdcUY,2378.66,92
https://www.youtube.com/watch?v=yPoQGUk-t-E,01:00,yPoQGUk-t-E,1645.7,60
https://www.youtube.com/watch?v=HT_1tvAgq9s,01:08,HT_1tvAgq9s,677.98,68
https://www.youtube.com/watch?v=-uGpOkn4nL4,00:50,#NAME?,2495.98,50
https://www.youtube.com/watch?v=bXR3Lu_SD7c,00:57,bXR3Lu_SD7c,2488.1,57
https://www.youtube.com/watch?v=rFXZ21UE_8Q,01:19,rFXZ21UE_8Q,1626.78,79
https://www.youtube.com/watch?v=FTxsXHFhBPE,00:52,FTxsXHFhBPE,693.98,52
https://www.youtube.com/watch?v=olgnH8t71uY,00:44,olgnH8t71uY,1511.98,44
https://www.youtube.com/watch?v=B9He5DVePvk,00:50,B9He5DVePvk,2495.58,50
https://www.youtube.com/watch?v=DV-SUFXALlM,01:14,DV-SUFXALlM,2471.98,74
https://www.youtube.com/watch?v=BTzORvV6_fw,00:54,BTzORvV6_fw,691.98,54
https://www.youtube.com/watch?v=3U-HJAkRbQw,01:00,3U-HJAkRbQw,1645.98,60
https://www.youtube.com/watch?v=tXb_zrHp4H8,00:41,tXb_zrHp4H8,704.98,41
https://www.youtube.com/watch?v=NsRj-9Y4fZ8,01:01,NsRj-9Y4fZ8,1644.98,61
https://www.youtube.com/watch?v=VXMGmBenmpU,00:59,VXMGmBenmpU,686.98,59
https://www.youtube.com/watch?v=85fssN_8BIA,01:26,85fssN_8BIA,2015.3,86
https://www.youtube.com/watch?v=1hV6AwZHDOw,01:07,1hV6AwZHDOw,2478.78,67
https://www.youtube.com/watch?v=iaNGtlQcvHY,00:42,iaNGtlQcvHY,1663.58,42
https://www.youtube.com/watch?v=-ERdZBpQ2mA,02:09,#NAME?,1582.02,129
https://www.youtube.com/watch?v=faYdJYveX2w,01:12,faYdJYveX2w,2473.98,72
https://www.youtube.com/watch?v=0coUiuG5gG4,02:53,0coUiuG5gG4,2942.22,173
https://www.youtube.com/watch?v=mzSxHe-hRho,00:50,mzSxHe-hRho,2495.98,50
https://www.youtube.com/watch?v=pGSJc_5p2og,01:10,pGSJc_5p2og,675.1,70
https://www.youtube.com/watch?v=74-e3IhZmxM,00:56,74-e3IhZmxM,1655.82,56
https://www.youtube.com/watch?v=Q2UbrNHLn88,02:00,Q2UbrNHLn88,1586.3,120
https://www.youtube.com/watch?v=xFBletdlXHk,01:00,xFBletdlXHk,2485.58,60
https://www.youtube.com/watch?v=vFAKEEMkNTM,00:38,vFAKEEMkNTM,2507.94,38
https://www.youtube.com/watch?v=GKog7E4DBsU,00:44,GKog7E4DBsU,701.98,44
https://www.youtube.com/watch?v=_wip-HzeXBU,01:23,_wip-HzeXBU,3033.06,83
https://www.youtube.com/watch?v=ZdNUcJYN2Kc,01:32,ZdNUcJYN2Kc,1993.02,92
https://www.youtube.com/watch?v=UVf2Yw7uFoE,00:50,UVf2Yw7uFoE,2495.94,50
https://www.youtube.com/watch?v=zy7vUppYPC8,01:14,zy7vUppYPC8,2471.86,74
https://www.youtube.com/watch?v=bWVMTKeAwlA,01:05,bWVMTKeAwlA,5340.1,65
https://www.youtube.com/watch?v=csvpWAbbsDk,01:13,csvpWAbbsDk,1632.66,73
https://www.youtube.com/watch?v=V2j26q1byUc,00:43,V2j26q1byUc,889.9,43
https://www.youtube.com/watch?v=Uq1ANdWRIh0,01:12,Uq1ANdWRIh0,3043.7,72
https://www.youtube.com/watch?v=8iE8x6LeXMY,01:39,8iE8x6LeXMY,1886.42,99
https://www.youtube.com/watch?v=7gI-w6Dw77I,01:01,7gI-w6Dw77I,2484.86,61
https://www.youtube.com/watch?v=y4-CnqfK3pk,01:02,y4-CnqfK3pk,2483.7,62
https://www.youtube.com/watch?v=3EQLFHRHpag,00:53,3EQLFHRHpag,693.02,53
https://www.youtube.com/watch?v=UNXDA-h6pP8,01:56,UNXDA-h6pP8,1594.02,116
https://www.youtube.com/watch?v=Gn14o01bXaU,01:43,Gn14o01bXaU,2442.98,103
https://www.youtube.com/watch?v=CftCns18rn4,01:24,CftCns18rn4,2462.14,84
https://www.youtube.com/watch?v=U48CVjHqAfM,01:04,U48CVjHqAfM,2481.66,64
https://www.youtube.com/watch?v=QT354HMaZGk,00:36,QT354HMaZGk,1670.02,36
https://www.youtube.com/watch?v=4e7pN4EKUK0,00:37,4e7pN4EKUK0,708.98,37
https://www.youtube.com/watch?v=tigUBMVM7ho,01:50,tigUBMVM7ho,2195.5,110
https://www.youtube.com/watch?v=6etSCFwqMY8,00:49,6etSCFwqMY8,696.94,49
https://www.youtube.com/watch?v=xoI8EcohISE,01:03,xoI8EcohISE,1492.98,63
https://www.youtube.com/watch?v=FpagEEgDKB8,01:07,FpagEEgDKB8,2478.1,67
https://www.youtube.com/watch?v=DktX-K8YN84,01:01,DktX-K8YN84,1067.46,61
https://www.youtube.com/watch?v=xbtkiiLVIpI,01:07,xbtkiiLVIpI,3048.58,67
https://www.youtube.com/watch?v=h5WOymf8u-s,01:06,h5WOymf8u-s,1640.06,66
https://www.youtube.com/watch?v=URx4482nlV8,00:34,URx4482nlV8,906.5,34
https://www.youtube.com/watch?v=wrSboMbXVbA,01:21,wrSboMbXVbA,2464.94,81
https://www.youtube.com/watch?v=rWh3hZDBqwY,00:35,rWh3hZDBqwY,710.98,35
https://www.youtube.com/watch?v=SUtZcC6fVag,01:10,SUtZcC6fVag,1485.62,70
https://www.youtube.com/watch?v=RFjAqth-EQk,01:08,RFjAqth-EQk,2144.14,68
https://www.youtube.com/watch?v=rtzLwQbwwMM,01:22,rtzLwQbwwMM,2463.98,82
https://www.youtube.com/watch?v=W6d-v-XH9xQ,01:03,W6d-v-XH9xQ,1643.02,63
https://www.youtube.com/watch?v=qVPRPG2bvpY,00:45,qVPRPG2bvpY,1752.9,45
https://www.youtube.com/watch?v=VmqWBnKnlU8,02:55,VmqWBnKnlU8,1380.14,175
https://www.youtube.com/watch?v=JL1HIra0NlU,01:12,JL1HIra0NlU,2473.34,72
https://www.youtube.com/watch?v=rpRtOdzJvgU,01:01,rpRtOdzJvgU,1644.34,61
https://www.youtube.com/watch?v=DzpscSgy1Ug,00:50,DzpscSgy1Ug,1010.5,50
https://www.youtube.com/watch?v=VCCgdRF0AIA,00:51,VCCgdRF0AIA,1504.86,51
https://www.youtube.com/watch?v=VJyTDiFJxhI,00:29,VJyTDiFJxhI,3086.98,29
https://www.youtube.com/watch?v=RJMRM44b6DQ,00:32,RJMRM44b6DQ,1271.62,32
https://www.youtube.com/watch?v=EvFx7Q3UyP4,01:08,EvFx7Q3UyP4,1637.34,68
https://www.youtube.com/watch?v=HXBk5R-0WIU,00:48,HXBk5R-0WIU,897.7,48
https://www.youtube.com/watch?v=pX1P7aK4gEU,02:16,pX1P7aK4gEU,2409.9,136
https://www.youtube.com/watch?v=SjS_vFvRmsQ,00:56,SjS_vFvRmsQ,1649.94,56
https://www.youtube.com/watch?v=NRipDEuuiyg,01:18,NRipDEuuiyg,3037.98,78
https://www.youtube.com/watch?v=KcQHeS9h484,01:26,KcQHeS9h484,2459.54,86
https://www.youtube.com/watch?v=rpZztZkscFA,01:41,rpZztZkscFA,2444.98,101
https://www.youtube.com/watch?v=2rZhp8p3sC8,00:42,2rZhp8p3sC8,703.98,42
https://www.youtube.com/watch?v=DPBuBlvNf2M,00:40,DPBuBlvNf2M,3075.98,40
https://www.youtube.com/watch?v=52tzT09z81E,00:30,52tzT09z81E,2515.58,30
https://www.youtube.com/watch?v=nY55dmhQc30,01:04,nY55dmhQc30,1641.98,64
https://www.youtube.com/watch?v=fv_rp6DYAtU,00:30,fv_rp6DYAtU,715.98,30
https://www.youtube.com/watch?v=dTsMgyE6ZO0,03:10,dTsMgyE6ZO0,2355.98,190
https://www.youtube.com/watch?v=IIlt-J-HBWw,00:28,IIlt-J-HBWw,1679.86,28
https://www.youtube.com/watch?v=nU-yC5CxFGE,01:38,nU-yC5CxFGE,1457.62,98
https://www.youtube.com/watch?v=i8ljZYzn0Uc,00:50,i8ljZYzn0Uc,1238.78,50
https://www.youtube.com/watch?v=60VguVRiYmw,01:18,60VguVRiYmw,2469.74,78
https://www.youtube.com/watch?v=y8KlqbJsoD4,01:09,y8KlqbJsoD4,2476.66,69
https://www.youtube.com/watch?v=i3GpJh9lVC8,01:01,i3GpJh9lVC8,1644.54,61
https://www.youtube.com/watch?v=7DKLfcFw078,00:54,7DKLfcFw078,691.98,54
https://www.youtube.com/watch?v=MtsQPV49cAk,01:09,MtsQPV49cAk,1487.02,69
https://www.youtube.com/watch?v=5xeCd1lQuXs,00:49,5xeCd1lQuXs,2496.98,49
https://www.youtube.com/watch?v=gIqCCx3hRL8,01:51,gIqCCx3hRL8,2435.02,111
https://www.youtube.com/watch?v=QNxl-gNlKIE,02:52,QNxl-gNlKIE,1533.94,172
https://www.youtube.com/watch?v=-A8qdoRJbPI,00:50,#NAME?,695.98,50
https://www.youtube.com/watch?v=R_tJqGVJk2E,01:12,R_tJqGVJk2E,1633.02,72
https://www.youtube.com/watch?v=bDzDqRwg9Io,00:52,bDzDqRwg9Io,1653.5,52
https://www.youtube.com/watch?v=4yAyXR9hBaM,01:00,4yAyXR9hBaM,685.98,60
https://www.youtube.com/watch?v=SwSEqbIgMAs,01:40,SwSEqbIgMAs,3015.98,100
https://www.youtube.com/watch?v=iMSkIupYBy4,01:20,iMSkIupYBy4,1034.34,80
https://www.youtube.com/watch?v=oHlx5fB94bc,01:05,oHlx5fB94bc,1640.66,65
https://www.youtube.com/watch?v=xr_nln2ZQw8,00:45,xr_nln2ZQw8,700.98,45
https://www.youtube.com/watch?v=4qtzh0bGIeI,01:15,4qtzh0bGIeI,1480.98,75
https://www.youtube.com/watch?v=0Q2IW7UEclI,01:36,0Q2IW7UEclI,5064.98,96
https://www.youtube.com/watch?v=ZMkjajxXuQI,00:57,ZMkjajxXuQI,1648.98,57
https://www.youtube.com/watch?v=9dliu2jmvic,00:40,9dliu2jmvic,706.5,40
https://www.youtube.com/watch?v=pVCgF2GMXAo,01:51,pVCgF2GMXAo,5044.98,111
https://www.youtube.com/watch?v=pEt6-jA2UE4,02:21,pEt6-jA2UE4,5015.9,141
https://www.youtube.com/watch?v=GyfsEZu6dpE,00:48,GyfsEZu6dpE,697.98,48
https://www.youtube.com/watch?v=QV0Jz8hKWWI,01:43,QV0Jz8hKWWI,1602.98,103
https://www.youtube.com/watch?v=z7yofon22AM,00:35,z7yofon22AM,1003.98,35
https://www.youtube.com/watch?v=HRR00xTQ24Q,01:13,HRR00xTQ24Q,1632.94,73
https://www.youtube.com/watch?v=myv7yydtCKc,04:30,myv7yydtCKc,2276.02,270
https://www.youtube.com/watch?v=gqDCrdZVZnk,01:31,gqDCrdZVZnk,5310.02,91
https://www.youtube.com/watch?v=tGB6c-gn5Fw,01:18,tGB6c-gn5Fw,1627.94,78
https://www.youtube.com/watch?v=cnxvTlS16F8,00:55,cnxvTlS16F8,877.02,55
https://www.youtube.com/watch?v=muKcFElo444,01:52,muKcFElo444,1443.46,112
https://www.youtube.com/watch?v=ExfLBIZwRpo,01:05,ExfLBIZwRpo,2480.98,65
https://www.youtube.com/watch?v=eT34ypRodB0,00:49,eT34ypRodB0,1656.98,49
https://www.youtube.com/watch?v=ew7-Z2xCMgE,00:39,ew7-Z2xCMgE,706.98,39
https://www.youtube.com/watch?v=dxsgh_5AIxw,01:14,dxsgh_5AIxw,5082.34,74
https://www.youtube.com/watch?v=afPVy0yiLRw,00:56,afPVy0yiLRw,1649.94,56
https://www.youtube.com/watch?v=5rMUDFHDIf8,00:50,5rMUDFHDIf8,695.98,50
https://www.youtube.com/watch?v=pNsh3fKLvas,02:25,pNsh3fKLvas,2400.98,145
https://www.youtube.com/watch?v=8kfAdgCTF9k,01:55,8kfAdgCTF9k,5040.98,115
https://www.youtube.com/watch?v=S0oGaoqSAl0,00:58,S0oGaoqSAl0,1647.9,58
https://www.youtube.com/watch?v=Gw-iZIzTOv8,00:49,Gw-iZIzTOv8,696.98,49
https://www.youtube.com/watch?v=-aJ_o8ByDeI,00:32,#NAME?,713.98,32
https://www.youtube.com/watch?v=vRLPMNdyjIk,00:40,vRLPMNdyjIk,1515.98,40
https://www.youtube.com/watch?v=Cpevu80LZ5o,00:32,Cpevu80LZ5o,1673.98,32
https://www.youtube.com/watch?v=vdZh5jsk4wk,00:39,vdZh5jsk4wk,706.98,39
https://www.youtube.com/watch?v=k_MJuV-46l0,01:41,k_MJuV-46l0,5166.5,101
https://www.youtube.com/watch?v=c4MPajt_tlY,01:24,c4MPajt_tlY,1621.98,84
https://www.youtube.com/watch?v=oBoxMgBpVOM,00:38,oBoxMgBpVOM,707.98,38
https://www.youtube.com/watch?v=G_SvwkqZJAY,01:26,G_SvwkqZJAY,2460.18,86
https://www.youtube.com/watch?v=0_wV9LXjRf0,01:23,0_wV9LXjRf0,5070.02,83
https://www.youtube.com/watch?v=4rbAVmmZmps,01:32,4rbAVmmZmps,3033.5,92
https://www.youtube.com/watch?v=pQUHq68HsJM,01:17,pQUHq68HsJM,2468.94,77
https://www.youtube.com/watch?v=tc8pD_XGTjI,00:40,tc8pD_XGTjI,705.98,40
https://www.youtube.com/watch?v=T0vuDvEASO0,01:08,T0vuDvEASO0,1637.98,68
https://www.youtube.com/watch?v=W_4OS-1x_A0,00:44,W_4OS-1x_A0,2501.5,44
https://www.youtube.com/watch?v=50aW6IOw89w,01:21,50aW6IOw89w,1624.98,81
https://www.youtube.com/watch?v=xfOFeIJq-mM,00:41,xfOFeIJq-mM,704.98,41
https://www.youtube.com/watch?v=8mnwoVExeMQ,00:50,8mnwoVExeMQ,695.98,50
https://www.youtube.com/watch?v=ZA9BwA4uO1o,00:48,ZA9BwA4uO1o,697.98,48
https://www.youtube.com/watch?v=j6Nhar8itlE,01:06,j6Nhar8itlE,1639.94,66
https://www.youtube.com/watch?v=FEzcqbzTwvA,00:47,FEzcqbzTwvA,698.98,47
https://www.youtube.com/watch?v=aVxG7K1PGHM,01:47,aVxG7K1PGHM,1618.9,107
https://www.youtube.com/watch?v=qE1oSK7PpM4,00:57,qE1oSK7PpM4,1059.1,57
https://www.youtube.com/watch?v=nyNduFVt9_0,00:45,nyNduFVt9_0,1660.98,45
https://www.youtube.com/watch?v=xvEgAW94nAs,00:30,xvEgAW94nAs,717.02,30
https://www.youtube.com/watch?v=v5RYHSJHark,00:38,v5RYHSJHark,2629.46,38
https://www.youtube.com/watch?v=FvupHlhHq5E,00:50,FvupHlhHq5E,695.98,50
https://www.youtube.com/watch?v=T0x7tD9TThQ,01:45,T0x7tD9TThQ,1803.16,105
https://www.youtube.com/watch?v=OwvhyVKcY8A,00:56,OwvhyVKcY8A,954.6,56
https://www.youtube.com/watch?v=7b0ApApAqbg,01:10,7b0ApApAqbg,1635.98,70
https://www.youtube.com/watch?v=R7HsDKAa-CI,00:49,R7HsDKAa-CI,696.98,49
https://www.youtube.com/watch?v=5Vq03gYWiXE,01:23,5Vq03gYWiXE,1857.02,83
https://www.youtube.com/watch?v=jNUbroQ2XZ4,01:09,jNUbroQ2XZ4,2476.26,69
https://www.youtube.com/watch?v=9UYnv0c744k,02:10,9UYnv0c744k,2415.86,130
https://www.youtube.com/watch?v=C9UUKTZUh1U,00:54,C9UUKTZUh1U,691.98,54
https://www.youtube.com/watch?v=J66WzcITH9g,01:20,J66WzcITH9g,2465.98,80
https://www.youtube.com/watch?v=l2b4cdAnmIo,00:58,l2b4cdAnmIo,693.04,58
https://www.youtube.com/watch?v=eF9sqj6CfG4,00:54,eF9sqj6CfG4,1880.34,54
https://www.youtube.com/watch?v=4ifShcUcfbU,02:18,4ifShcUcfbU,5245.54,138
https://www.youtube.com/watch?v=UNliPGgv_fA,01:06,UNliPGgv_fA,2479.94,66
https://www.youtube.com/watch?v=9zHLU4Vgcu0,00:53,9zHLU4Vgcu0,698.04,53
https://www.youtube.com/watch?v=IpvKwDunPUo,01:32,IpvKwDunPUo,1614.02,92
https://www.youtube.com/watch?v=DN3un29o9Hs,01:20,DN3un29o9Hs,1481.02,80
https://www.youtube.com/watch?v=-tZiRjLbJlw,02:13,#NAME?,2412.98,133
https://www.youtube.com/watch?v=6VOqNVt_cmM,02:49,6VOqNVt_cmM,1765.22,169
https://www.youtube.com/watch?v=UIyjRwZf1LE,02:00,UIyjRwZf1LE,1441.02,120
https://www.youtube.com/watch?v=-h8sMEXj_1g,02:00,#NAME?,2425.94,120
https://www.youtube.com/watch?v=p7yAk5iYm_k,01:40,p7yAk5iYm_k,1530.22,100
https://www.youtube.com/watch?v=rEvBbGynDCs,00:53,rEvBbGynDCs,1508.02,53
https://www.youtube.com/watch?v=md5dgkDnZ9k,02:02,md5dgkDnZ9k,2423.94,122
https://www.youtube.com/watch?v=sp0hEkN-_24,00:50,sp0hEkN-_24,1184.34,50
https://www.youtube.com/watch?v=OBXz-cafkRM,00:42,OBXz-cafkRM,703.98,42
https://www.youtube.com/watch?v=Dm1EdeoIZ94,01:40,Dm1EdeoIZ94,3018.14,100
https://www.youtube.com/watch?v=eLdnVtQ42yY,01:35,eLdnVtQ42yY,2450.98,95
https://www.youtube.com/watch?v=eAIKvD_gLJo,01:01,eAIKvD_gLJo,2484.98,61
https://www.youtube.com/watch?v=PEf3jLqoI3w,01:16,PEf3jLqoI3w,1635,76
https://www.youtube.com/watch?v=-iu5BC3cBe0,00:36,#NAME?,710.78,36
https://www.youtube.com/watch?v=RgZfrYcaG4k,01:30,RgZfrYcaG4k,2103.98,90
https://www.youtube.com/watch?v=jnoqOFMRMN0,01:48,jnoqOFMRMN0,1597.98,108
https://www.youtube.com/watch?v=FC0bl2PObW4,00:49,FC0bl2PObW4,696.98,49
https://www.youtube.com/watch?v=gIYaSEwoblY,01:54,gIYaSEwoblY,2431.98,114
https://www.youtube.com/watch?v=8DSXkbPUF0g,01:52,8DSXkbPUF0g,1594.02,112
https://www.youtube.com/watch?v=mPXdhghxe9s,01:42,mPXdhghxe9s,2443.98,102
https://www.youtube.com/watch?v=DtAaXfZDCSI,00:50,DtAaXfZDCSI,695.98,50
https://www.youtube.com/watch?v=IVHqDYh7JJo,00:43,IVHqDYh7JJo,843.9,43
https://www.youtube.com/watch?v=yoZiTCz_wYA,01:56,yoZiTCz_wYA,2429.98,116
https://www.youtube.com/watch?v=TuLosPeHPSo,01:33,TuLosPeHPSo,2452.94,93
https://www.youtube.com/watch?v=P7UQfORDW2Y,01:00,P7UQfORDW2Y,1645.94,60
https://www.youtube.com/watch?v=ybykVSYQlYY,01:11,ybykVSYQlYY,2474.94,71
https://www.youtube.com/watch?v=UuhiokbztAk,01:12,UuhiokbztAk,2423.7,72
https://www.youtube.com/watch?v=tLcYnH6O_Zo,00:45,tLcYnH6O_Zo,700.46,45
https://www.youtube.com/watch?v=xk3JvStIYaM,01:30,xk3JvStIYaM,3025.94,90
https://www.youtube.com/watch?v=Hz6xkR4mNlo,01:32,Hz6xkR4mNlo,2453.94,92
https://www.youtube.com/watch?v=lphMcjwqTBg,00:32,lphMcjwqTBg,713.98,32
https://www.youtube.com/watch?v=MKeIx4wVjIg,01:08,MKeIx4wVjIg,1637.98,68
https://www.youtube.com/watch?v=GystZIxWQ3o,01:30,GystZIxWQ3o,2455.94,90
https://www.youtube.com/watch?v=8GH0TcmTQ6Q,01:01,8GH0TcmTQ6Q,1644.94,61
https://www.youtube.com/watch?v=c_mJMFg4mOE,00:51,c_mJMFg4mOE,694.98,51
https://www.youtube.com/watch?v=PkBQi62J_k4,01:20,PkBQi62J_k4,1475.94,80
https://www.youtube.com/watch?v=aK3lhinHd_8,01:55,aK3lhinHd_8,2430.9,115
https://www.youtube.com/watch?v=vyit-1zKsZ4,01:14,vyit-1zKsZ4,1631.94,74
https://www.youtube.com/watch?v=uXBOrxvFJqc,02:04,uXBOrxvFJqc,2421.94,124
https://www.youtube.com/watch?v=NWBYCdurOYY,01:08,NWBYCdurOYY,1637.94,68
https://www.youtube.com/watch?v=orX0DCjL0yI,00:44,orX0DCjL0yI,701.02,44
https://www.youtube.com/watch?v=UGAo334jrC8,01:04,UGAo334jrC8,1124.66,64
https://www.youtube.com/watch?v=Mk10LIbEcI0,00:41,Mk10LIbEcI0,704.94,41
https://www.youtube.com/watch?v=ONWW02pNvFk,01:06,ONWW02pNvFk,2479.98,66
https://www.youtube.com/watch?v=SxMc6uK3_fQ,01:28,SxMc6uK3_fQ,2457.54,88
https://www.youtube.com/watch?v=ejd7Zmz1r64,01:05,ejd7Zmz1r64,1640.9,65
https://www.youtube.com/watch?v=ufuilQjDJUc,00:34,ufuilQjDJUc,1521.98,34
https://www.youtube.com/watch?v=O2pD_y61jx4,01:52,O2pD_y61jx4,2434.06,112
https://www.youtube.com/watch?v=0xyZosz2Yks,01:06,0xyZosz2Yks,2479.94,66
https://www.youtube.com/watch?v=TVQm5lTRMO0,00:39,TVQm5lTRMO0,706.94,39
https://www.youtube.com/watch?v=HBMlQZeXMiA,01:05,HBMlQZeXMiA,1490.86,65
https://www.youtube.com/watch?v=3uFFPTV8P-o,01:54,3uFFPTV8P-o,2609.74,114
https://www.youtube.com/watch?v=gvoT8QANp8I,01:44,gvoT8QANp8I,5055.94,104
https://www.youtube.com/watch?v=hx6wFq9B-BM,01:00,hx6wFq9B-BM,1590.94,60
https://www.youtube.com/watch?v=q4syhqpFzfM,00:33,q4syhqpFzfM,712.94,33
https://www.youtube.com/watch?v=KbqrglVsCtI,02:35,KbqrglVsCtI,2560.58,155
https://www.youtube.com/watch?v=seggUWNVRh8,00:41,seggUWNVRh8,897.54,41
https://www.youtube.com/watch?v=1PlK9oGQvzA,01:07,1PlK9oGQvzA,1638.98,67
https://www.youtube.com/watch?v=3LFMg8hOVXk,00:58,3LFMg8hOVXk,687.94,58
https://www.youtube.com/watch?v=yOoxQT0m5LQ,01:00,yOoxQT0m5LQ,1495.74,60
https://www.youtube.com/watch?v=oHSDDHLDGaQ,01:45,oHSDDHLDGaQ,3010.02,105
https://www.youtube.com/watch?v=7a-XNgPWcXE,00:41,7a-XNgPWcXE,2568.5,41
https://www.youtube.com/watch?v=XOfeqRgaF1A,01:39,XOfeqRgaF1A,2446.98,99
https://www.youtube.com/watch?v=wu7PjKawjwI,01:10,wu7PjKawjwI,1635.94,70
https://www.youtube.com/watch?v=JhNrMgT90lA,00:51,JhNrMgT90lA,694.94,51
https://www.youtube.com/watch?v=JOvZT76k1Cs,00:58,JOvZT76k1Cs,1497.98,58
https://www.youtube.com/watch?v=Ya46bmRa0os,01:06,Ya46bmRa0os,3049.98,66
https://www.youtube.com/watch?v=q3KdGOcnMqw,01:22,q3KdGOcnMqw,2464.02,82
https://www.youtube.com/watch?v=SgNCM8K6gfY,01:10,SgNCM8K6gfY,1635.94,70
https://www.youtube.com/watch?v=anjq43EhoP8,00:59,anjq43EhoP8,1497.02,59
https://www.youtube.com/watch?v=j1Pb8YU8wQo,00:58,j1Pb8YU8wQo,1496.84,58
https://www.youtube.com/watch?v=nDRuXWj2QBI,00:45,nDRuXWj2QBI,700.94,45
https://www.youtube.com/watch?v=aAhoIdFDv0Q,00:58,aAhoIdFDv0Q,1496.74,58
https://www.youtube.com/watch?v=Ugxw0gLCWLE,01:00,Ugxw0gLCWLE,684.78,60
https://www.youtube.com/watch?v=A9uhf1iSvN8,02:02,A9uhf1iSvN8,1583.94,122
https://www.youtube.com/watch?v=j3YBVc9dgMo,00:40,j3YBVc9dgMo,1120.34,40
https://www.youtube.com/watch?v=qySBQjSXbfw,01:11,qySBQjSXbfw,3044.98,71
https://www.youtube.com/watch?v=jFAxt-a6b_M,03:06,jFAxt-a6b_M,3342.68,186
https://www.youtube.com/watch?v=VoPyuD6flUk,00:54,VoPyuD6flUk,691.94,54
https://www.youtube.com/watch?v=RdPfgBc3YXo,00:58,RdPfgBc3YXo,1496.78,58
https://www.youtube.com/watch?v=F1ma0rjK1hc,01:22,F1ma0rjK1hc,2463.38,82
https://www.youtube.com/watch?v=arn9njF5WgA,00:50,arn9njF5WgA,698.58,50
https://www.youtube.com/watch?v=ZQhXZoW-FPU,01:26,ZQhXZoW-FPU,1468.74,86
https://www.youtube.com/watch?v=5fY8BVwsLMA,01:25,5fY8BVwsLMA,2460.82,85
https://www.youtube.com/watch?v=Ne1bb5xhkC8,01:04,Ne1bb5xhkC8,1641.62,64
https://www.youtube.com/watch?v=9o5lqEzz3Bo,01:14,9o5lqEzz3Bo,2471.18,74
https://www.youtube.com/watch?v=Dmfm_0oBmeE,00:58,Dmfm_0oBmeE,1496.74,58
https://www.youtube.com/watch?v=kRpPu6OoP00,00:55,kRpPu6OoP00,1035.02,55
https://www.youtube.com/watch?v=FVRwkJ_rGOA,00:59,FVRwkJ_rGOA,1646.9,59
https://www.youtube.com/watch?v=GNErKZwTvKI,00:44,GNErKZwTvKI,701.94,44
https://www.youtube.com/watch?v=3Rv6jBhv7JE,00:37,3Rv6jBhv7JE,708.74,37
https://www.youtube.com/watch?v=oa8ZtELbCRM,00:57,oa8ZtELbCRM,1497.74,57
https://www.youtube.com/watch?v=TXZDR10xXy8,00:39,TXZDR10xXy8,706.74,39
https://www.youtube.com/watch?v=9edWX7TTsLw,01:50,9edWX7TTsLw,2436.86,110
https://www.youtube.com/watch?v=ZmjK_4Ci4OQ,00:52,ZmjK_4Ci4OQ,2493.58,52
https://www.youtube.com/watch?v=pWTg-Gpb2Tw,01:59,pWTg-Gpb2Tw,2426.9,119
https://www.youtube.com/watch?v=D9pDnFWR2r8,00:54,D9pDnFWR2r8,691.78,54
https://www.youtube.com/watch?v=VguZi8tDif4,00:59,VguZi8tDif4,1496.94,59
https://www.youtube.com/watch?v=fO-bgE1pkyQ,02:22,fO-bgE1pkyQ,2971.92,142
https://www.youtube.com/watch?v=1MZFrJPPIQ8,01:31,1MZFrJPPIQ8,2454.9,91
https://www.youtube.com/watch?v=nTq1Sd9N7E8,00:42,nTq1Sd9N7E8,697.5,42
https://www.youtube.com/watch?v=0uYCkW5r9SY,00:52,0uYCkW5r9SY,1653.82,52
https://www.youtube.com/watch?v=yRV4JTA3-5c,00:44,yRV4JTA3-5c,707.04,44
https://www.youtube.com/watch?v=-DKIQpu4hhQ,04:01,#NAME?,4914.86,241
https://www.youtube.com/watch?v=C_0XEIFGK5o,01:54,C_0XEIFGK5o,2430.46,114
https://www.youtube.com/watch?v=9Fuumv8xfK4,01:11,9Fuumv8xfK4,1614.24,71
https://www.youtube.com/watch?v=NyYrioVAEy4,01:24,NyYrioVAEy4,1622.14,84
https://www.youtube.com/watch?v=g4V32eDYUPY,00:55,g4V32eDYUPY,690.98,55
https://www.youtube.com/watch?v=9HPdYBKh-0k,00:47,9HPdYBKh-0k,704.04,47
https://www.youtube.com/watch?v=Gx-ljHZsSRU,01:41,Gx-ljHZsSRU,1604.72,101
https://www.youtube.com/watch?v=J7JCEzWAItU,00:44,J7JCEzWAItU,707.04,44
https://www.youtube.com/watch?v=CABpffhtJao,00:45,CABpffhtJao,706.04,45
https://www.youtube.com/watch?v=_LRsZ6TUCCA,00:50,_LRsZ6TUCCA,1656.04,50
https://www.youtube.com/watch?v=a4eg-FNv4LQ,00:53,a4eg-FNv4LQ,692.98,53
https://www.youtube.com/watch?v=HHf8t982RWY,01:12,HHf8t982RWY,1483.36,72
https://www.youtube.com/watch?v=228zX56NCNk,02:29,228zX56NCNk,2396.92,149
https://www.youtube.com/watch?v=22_IFGdNoTg,00:43,22_IFGdNoTg,2502.3,43
https://www.youtube.com/watch?v=BhsgyOGMs6o,00:55,BhsgyOGMs6o,2490.92,55
https://www.youtube.com/watch?v=SQ8SwwAVA0c,00:47,SQ8SwwAVA0c,704.04,47
https://www.youtube.com/watch?v=jvRbFT56xB8,00:48,jvRbFT56xB8,697.46,48
https://www.youtube.com/watch?v=LQvQ9FAJVYc,00:54,LQvQ9FAJVYc,697.04,54
https://www.youtube.com/watch?v=MgXmSaRdQOc,04:19,MgXmSaRdQOc,2287.02,259
https://www.youtube.com/watch?v=5L8ZkwePFZ8,00:31,5L8ZkwePFZ8,715.72,31
https://www.youtube.com/watch?v=6Zi4hp8hJRM,01:59,6Zi4hp8hJRM,2426.82,119
https://www.youtube.com/watch?v=sbskYQ1v7Ao,00:20,sbskYQ1v7Ao,725.24,20
https://www.youtube.com/watch?v=XXA1GiQ-UeY,00:46,XXA1GiQ-UeY,1659.2,46
https://www.youtube.com/watch?v=iTRUeSQsAl4,01:04,iTRUeSQsAl4,681.78,64
https://www.youtube.com/watch?v=pIt9aLmzk4E,00:33,pIt9aLmzk4E,1521.82,33
https://www.youtube.com/watch?v=4Iuyo0leZQg,01:07,4Iuyo0leZQg,1637.98,67
https://www.youtube.com/watch?v=xr-mAK-bhm8,00:51,xr-mAK-bhm8,694.96,51
https://www.youtube.com/watch?v=Fv7VXipiVl0,00:54,Fv7VXipiVl0,1501.98,54
https://www.youtube.com/watch?v=13wBOPOLWqU,00:43,13wBOPOLWqU,702.88,43
https://www.youtube.com/watch?v=gWVQP8uTpPM,00:53,gWVQP8uTpPM,2493.02,53
https://www.youtube.com/watch?v=gANQyV0W03E,00:53,gANQyV0W03E,1653.02,53
https://www.youtube.com/watch?v=I9arI2e5bkw,01:20,I9arI2e5bkw,2080.3,465
https://www.youtube.com/watch?v=QicSkPNx4Ho,01:41,QicSkPNx4Ho,1604.84,101
https://www.youtube.com/watch?v=us9FdlP59Ro,00:38,us9FdlP59Ro,707.56,38
https://www.youtube.com/watch?v=nCLysRGCIFU,00:44,nCLysRGCIFU,1422.94,44
https://www.youtube.com/watch?v=y-5VLHcTDSQ,01:20,y-5VLHcTDSQ,3020.46,80
https://www.youtube.com/watch?v=ET20WZxm2kk,00:34,ET20WZxm2kk,1663.56,34
https://www.youtube.com/watch?v=rq_v0flJiEQ,01:25,rq_v0flJiEQ,2459.98,85
https://www.youtube.com/watch?v=Dy8ogOaKk4Y,02:50,Dy8ogOaKk4Y,2376.02,170
https://www.youtube.com/watch?v=ZcWyD4LYLmg,01:36,ZcWyD4LYLmg,2449.08,96
https://www.youtube.com/watch?v=OhM-Aeyqp6c,01:37,OhM-Aeyqp6c,1608.7,97
https://www.youtube.com/watch?v=zjW_6ArOQ1w,00:46,zjW_6ArOQ1w,699.76,46
https://www.youtube.com/watch?v=QpeWTkVmUcY,01:03,QpeWTkVmUcY,2392.74,63
https://www.youtube.com/watch?v=wRurT3T6fj8,01:01,wRurT3T6fj8,685.08,61
https://www.youtube.com/watch?v=csyGP2taOtE,00:34,csyGP2taOtE,711.76,34
https://www.youtube.com/watch?v=VX6xMrTJRCo,02:50,VX6xMrTJRCo,2376.02,170
https://www.youtube.com/watch?v=NSB6oCza2k8,02:01,NSB6oCza2k8,2425.02,121
https://www.youtube.com/watch?v=HYm7aJqXK8A,01:21,HYm7aJqXK8A,3033.74,81
https://www.youtube.com/watch?v=1jhN9fJ09mk,01:01,1jhN9fJ09mk,684.76,61
https://www.youtube.com/watch?v=BqCOMGopJNs,00:43,BqCOMGopJNs,1512.76,43
https://www.youtube.com/watch?v=3pT9xE9pJ1A,00:38,3pT9xE9pJ1A,1667.6,38
https://www.youtube.com/watch?v=oQ6gUbIE-kw,00:48,oQ6gUbIE-kw,697.44,48
https://www.youtube.com/watch?v=gYo-icA2848,02:01,gYo-icA2848,2425.02,121
https://www.youtube.com/watch?v=HDtFpGfORpE,02:57,HDtFpGfORpE,2369.02,177
https://www.youtube.com/watch?v=icXNWOHsU1Q,00:36,icXNWOHsU1Q,1649.96,36
https://www.youtube.com/watch?v=XuENzXlm1R0,00:55,XuENzXlm1R0,1449.14,55
https://www.youtube.com/watch?v=MZ60UDys_ZE,02:56,MZ60UDys_ZE,2370.02,176
https://www.youtube.com/watch?v=4itF-rsJKt0,01:02,4itF-rsJKt0,1643.92,62
https://www.youtube.com/watch?v=VWRcjEbcNVQ,00:49,VWRcjEbcNVQ,696.86,49
https://www.youtube.com/watch?v=n6EOShlvbqM,01:00,n6EOShlvbqM,1651.04,60
https://www.youtube.com/watch?v=qAKeJSoT5No,01:05,qAKeJSoT5No,680.86,65
https://www.youtube.com/watch?v=NOazEIijXTo,01:35,NOazEIijXTo,3019.86,95
https://www.youtube.com/watch?v=Lm9k6xrnLNU,01:55,Lm9k6xrnLNU,2430.92,115
https://www.youtube.com/watch?v=lvTbqh0sS58,01:30,lvTbqh0sS58,3024.54,90
https://www.youtube.com/watch?v=48DaLYiO-yk,03:16,48DaLYiO-yk,2993.62,196
https://www.youtube.com/watch?v=uMpsoFGXAJM,00:45,uMpsoFGXAJM,701.08,45
https://www.youtube.com/watch?v=JhmWSQ_WpDU,01:26,JhmWSQ_WpDU,1620.02,86
https://www.youtube.com/watch?v=oKQMzgkPdoQ,01:10,oKQMzgkPdoQ,675.76,70
https://www.youtube.com/watch?v=y4VqbURh_-0,01:00,y4VqbURh_-0,1645.82,60
https://www.youtube.com/watch?v=_t6sg2C-jqw,01:17,_t6sg2C-jqw,2468.98,77
https://www.youtube.com/watch?v=kbQI51B1jmM,00:54,kbQI51B1jmM,692.08,54
https://www.youtube.com/watch?v=s1WXIwrW3aQ,00:55,s1WXIwrW3aQ,4986.64,55
https://www.youtube.com/watch?v=IZshARHEKiY,01:00,IZshARHEKiY,686.08,60
https://www.youtube.com/watch?v=JsPHKDuP-Hk,02:48,JsPHKDuP-Hk,3036.2,168
https://www.youtube.com/watch?v=o3MsINzAN30,01:02,o3MsINzAN30,1644.02,62
https://www.youtube.com/watch?v=uLCT6m10A-0,00:57,uLCT6m10A-0,689.08,57
https://www.youtube.com/watch?v=tFQ9BXkm0LI,00:25,tFQ9BXkm0LI,1531.1,25
https://www.youtube.com/watch?v=r8c3_T9QfnY,00:26,r8c3_T9QfnY,2520.02,26
https://www.youtube.com/watch?v=nvjf1CCyB9M,00:59,nvjf1CCyB9M,1648.38,59
https://www.youtube.com/watch?v=TyBkLqdK4is,00:33,TyBkLqdK4is,713.08,33
https://www.youtube.com/watch?v=wpg3lclTXTY,02:04,wpg3lclTXTY,2426.98,124
https://www.youtube.com/watch?v=IG5PUtMy29Y,00:35,IG5PUtMy29Y,711.08,35
https://www.youtube.com/watch?v=sdHEpsuKYZg,01:53,sdHEpsuKYZg,2430.3,113
https://www.youtube.com/watch?v=ik5SAOQQRDA,01:34,ik5SAOQQRDA,1612.02,94
https://www.youtube.com/watch?v=v46tdSYtxS0,00:51,v46tdSYtxS0,695.08,51
https://www.youtube.com/watch?v=S0ux4vT1bQ4,01:19,S0ux4vT1bQ4,2466.38,79
https://www.youtube.com/watch?v=LkmdfxMQrkI,00:35,LkmdfxMQrkI,1671.12,35
https://www.youtube.com/watch?v=QEyMRUvLF7Y,01:11,QEyMRUvLF7Y,1485.08,71
https://www.youtube.com/watch?v=cJR8NVjzlGc,01:12,cJR8NVjzlGc,1489.06,72
https://www.youtube.com/watch?v=fUG9B5rjV0I,01:39,fUG9B5rjV0I,1613.3,99
https://www.youtube.com/watch?v=T9QOrjxgHFw,01:55,T9QOrjxgHFw,632.12,115
https://www.youtube.com/watch?v=2pwZ6_VgxB4,00:41,2pwZ6_VgxB4,1664.82,41
https://www.youtube.com/watch?v=_HTdyorjL0E,02:11,_HTdyorjL0E,5159.82,131
https://www.youtube.com/watch?v=Chkro9-ITYM,01:05,Chkro9-ITYM,1640.1,65
https://www.youtube.com/watch?v=_hpYBBiE184,00:56,_hpYBBiE184,690.6,56
https://www.youtube.com/watch?v=ITS4dP5a8LY,01:46,ITS4dP5a8LY,1443.4,106
https://www.youtube.com/watch?v=TBCzVxFcaKg,01:36,TBCzVxFcaKg,1460.08,96
https://www.youtube.com/watch?v=Mf1ds46ibn4,00:54,Mf1ds46ibn4,692.08,54
https://www.youtube.com/watch?v=1akcYVlAvjE,00:53,1akcYVlAvjE,693.08,53
https://www.youtube.com/watch?v=5UT889YeCuo,01:05,5UT889YeCuo,2481.02,65
https://www.youtube.com/watch?v=mnVKhYRPHag,01:32,mnVKhYRPHag,2454.02,92
https://www.youtube.com/watch?v=QQ8cmVR56iI,01:20,QQ8cmVR56iI,1625.18,80
https://www.youtube.com/watch?v=S5lpR5hpCx0,00:54,S5lpR5hpCx0,692.08,54
https://www.youtube.com/watch?v=UavrCMXP2H0,01:26,UavrCMXP2H0,2459.4,86
https://www.youtube.com/watch?v=bToc8nfNhxo,01:20,bToc8nfNhxo,1632.02,80
https://www.youtube.com/watch?v=Tmy77e_vn0k,00:41,Tmy77e_vn0k,705.08,41
https://www.youtube.com/watch?v=VMZtG0O9sbU,01:07,VMZtG0O9sbU,2479.12,67
https://www.youtube.com/watch?v=lhcI_63VHdE,00:35,lhcI_63VHdE,710.96,35
https://www.youtube.com/watch?v=1gBwyk4MGG8,00:58,1gBwyk4MGG8,1500.34,58
https://www.youtube.com/watch?v=1iuQjyMP8_c,01:00,1iuQjyMP8_c,1645.92,60
https://www.youtube.com/watch?v=ZBluaccS4j4,00:54,ZBluaccS4j4,692.08,54
https://www.youtube.com/watch?v=jWOlugUj4Qk,02:11,jWOlugUj4Qk,2415.02,131
https://www.youtube.com/watch?v=4sn0ecqZgog,00:53,4sn0ecqZgog,1652.7,53
https://www.youtube.com/watch?v=ILF4q-1Clwc,01:00,ILF4q-1Clwc,686.08,60
https://www.youtube.com/watch?v=AxIRCHWL-HM,00:49,AxIRCHWL-HM,2497.12,49
https://www.youtube.com/watch?v=SZbl99x_kV8,01:13,SZbl99x_kV8,1632.08,73
https://www.youtube.com/watch?v=Qp4Cp7cMt0Q,00:55,Qp4Cp7cMt0Q,691.08,55
https://www.youtube.com/watch?v=23vUvQN-R1Y,01:21,23vUvQN-R1Y,1624.92,81
https://www.youtube.com/watch?v=saEboNpsFy8,00:50,saEboNpsFy8,696.08,50
https://www.youtube.com/watch?v=7gSU_Xes3GQ,01:20,7gSU_Xes3GQ,2466.02,80
https://www.youtube.com/watch?v=BEMl5nHbKLo,01:15,BEMl5nHbKLo,1481.08,75
https://www.youtube.com/watch?v=FHK7x0hL64E,01:20,FHK7x0hL64E,2466.54,80
https://www.youtube.com/watch?v=VQJqZCQj3SQ,01:08,VQJqZCQj3SQ,678.08,68
https://www.youtube.com/watch?v=M9ZJJmEO91M,00:54,M9ZJJmEO91M,1501.04,54
https://www.youtube.com/watch?v=cmXzmzp1wQI,01:57,cmXzmzp1wQI,1435.42,117
https://www.youtube.com/watch?v=iQuwhR99YdA,01:10,iQuwhR99YdA,1635.92,70
https://www.youtube.com/watch?v=3T9toOZYs0s,00:50,3T9toOZYs0s,696.28,50
https://www.youtube.com/watch?v=IyFa8Kxs0kI,01:17,IyFa8Kxs0kI,1628.78,77
https://www.youtube.com/watch?v=6Fwj92W3BXs,01:26,6Fwj92W3BXs,660.08,86
https://www.youtube.com/watch?v=6i2sJwxw5Uc,01:02,6i2sJwxw5Uc,2481.3,62
https://www.youtube.com/watch?v=p5-sUflP8Ek,02:03,p5-sUflP8Ek,2423.02,123
https://www.youtube.com/watch?v=Jv9Rhi_hw70,00:48,Jv9Rhi_hw70,1658.02,48
https://www.youtube.com/watch?v=WYD7P6CLbNA,00:36,WYD7P6CLbNA,710.08,36
https://www.youtube.com/watch?v=q1adV0O7JmA,01:33,q1adV0O7JmA,2453.14,93
https://www.youtube.com/watch?v=YJLzd8EK__g,02:06,YJLzd8EK__g,5079.9,126
https://www.youtube.com/watch?v=hRkfFYvOLr8,01:09,hRkfFYvOLr8,1637.96,69
https://www.youtube.com/watch?v=-z_W3yRA9I8,02:07,#NAME?,2418.98,127
https://www.youtube.com/watch?v=cFyGUs1eQGA,01:59,cFyGUs1eQGA,2427.44,119
https://www.youtube.com/watch?v=PXgqUaw4_ZM,00:41,PXgqUaw4_ZM,705.08,41
https://www.youtube.com/watch?v=9Ma1gNXKjxM,00:41,9Ma1gNXKjxM,705.08,41
https://www.youtube.com/watch?v=x5SH5ozR0E8,01:05,x5SH5ozR0E8,1640.92,65
https://www.youtube.com/watch?v=Ny_X4ZSbuKA,00:51,Ny_X4ZSbuKA,695.08,51
https://www.youtube.com/watch?v=mkeCUFpIDFc,02:30,mkeCUFpIDFc,2396.14,150
https://www.youtube.com/watch?v=09k4jOxPuz0,01:29,09k4jOxPuz0,1616.98,89
https://www.youtube.com/watch?v=lUuhpwgyZsA,02:10,lUuhpwgyZsA,2416.02,130
https://www.youtube.com/watch?v=3b64-1vz1FM,00:40,3b64-1vz1FM,706.08,40
https://www.youtube.com/watch?v=haxkWC6MgcQ,01:35,haxkWC6MgcQ,2451.02,95
https://www.youtube.com/watch?v=7M59_BV2rOA,01:10,7M59_BV2rOA,1636.66,70
https://www.youtube.com/watch?v=GvHIz2V5gAQ,00:45,GvHIz2V5gAQ,701.08,45
https://www.youtube.com/watch?v=PgvqNz4J_2k,02:05,PgvqNz4J_2k,1581.04,125
https://www.youtube.com/watch?v=OEY0Qc_AOMc,00:48,OEY0Qc_AOMc,2498.02,48
https://www.youtube.com/watch?v=WPcoTAwJyTQ,00:57,WPcoTAwJyTQ,1649.04,57
https://www.youtube.com/watch?v=8yilkiOfSWo,01:30,8yilkiOfSWo,1471.06,90
https://www.youtube.com/watch?v=9c_gHVimTjY,01:05,9c_gHVimTjY,1641.04,65
https://www.youtube.com/watch?v=CPIpFU3JEl0,00:59,CPIpFU3JEl0,687.08,59
https://www.youtube.com/watch?v=xXXZZfiT0T0,01:40,xXXZZfiT0T0,2452.6,100
https://www.youtube.com/watch?v=0BMdQPBLPcM,01:10,0BMdQPBLPcM,676.08,70
https://www.youtube.com/watch?v=EJi3Vxdyqv0,00:52,EJi3Vxdyqv0,687.94,52
https://www.youtube.com/watch?v=3YZIObdGr_A,01:22,3YZIObdGr_A,1831.46,82
https://www.youtube.com/watch?v=Hh1Do3PQCWA,00:13,Hh1Do3PQCWA,891.9,13
https://www.youtube.com/watch?v=VeWeF9yh_JM,02:10,VeWeF9yh_JM,1571.44,130
https://www.youtube.com/watch?v=NiSStDkawcE,00:40,NiSStDkawcE,706.08,40
https://www.youtube.com/watch?v=CCtJ4Ta_1-c,01:28,CCtJ4Ta_1-c,1791.06,88
https://www.youtube.com/watch?v=4_Ct8VsYnPM,01:28,4_Ct8VsYnPM,1603.86,88
https://www.youtube.com/watch?v=9BTrzAGhy8U,00:28,9BTrzAGhy8U,750.98,28
https://www.youtube.com/watch?v=Lb_dBYkVVCI,00:49,Lb_dBYkVVCI,1657.14,49
https://www.youtube.com/watch?v=7DbbjT2cRSs,00:50,7DbbjT2cRSs,701.06,50
https://www.youtube.com/watch?v=b8F1jp05vsA,01:00,b8F1jp05vsA,1494.74,60
https://www.youtube.com/watch?v=acMYHAmNLlE,00:48,acMYHAmNLlE,729.42,48
https://www.youtube.com/watch?v=vySk5UUh-gY,00:35,vySk5UUh-gY,711.08,35
https://www.youtube.com/watch?v=LZjiEggYglM,01:42,LZjiEggYglM,1604.04,102
https://www.youtube.com/watch?v=KrsGQpSv5Co,00:53,KrsGQpSv5Co,791.74,53
https://www.youtube.com/watch?v=Z6VOnI2H95Q,00:45,Z6VOnI2H95Q,701.08,45
https://www.youtube.com/watch?v=1oJhQSjkYsU,01:08,1oJhQSjkYsU,678.08,68
https://www.youtube.com/watch?v=Mp-HhTucfhE,01:08,Mp-HhTucfhE,2478.14,68
https://www.youtube.com/watch?v=4kbLFBcBB4A,00:50,4kbLFBcBB4A,2496.02,50
https://www.youtube.com/watch?v=fITLj7jEuVM,00:58,fITLj7jEuVM,1647.92,58
https://www.youtube.com/watch?v=Fl2I1Vi-y9U,00:49,Fl2I1Vi-y9U,697.08,49
https://www.youtube.com/watch?v=C6wY2b9amnA,01:17,C6wY2b9amnA,2468.94,77
https://www.youtube.com/watch?v=Vl2DMciDYDE,00:58,Vl2DMciDYDE,688.08,58
https://www.youtube.com/watch?v=7nJkKOODqlI,01:11,7nJkKOODqlI,1634.6,71
https://www.youtube.com/watch?v=3TSi1qi67VQ,01:02,3TSi1qi67VQ,2483.98,62
https://www.youtube.com/watch?v=d153K8aEjmw,00:27,d153K8aEjmw,1677.76,27
https://www.youtube.com/watch?v=P9vg9KcQTmg,00:55,P9vg9KcQTmg,691.08,55
https://www.youtube.com/watch?v=_BUSiO3d9Zg,01:06,_BUSiO3d9Zg,1490.08,66
https://www.youtube.com/watch?v=8FKR35OidyU,00:59,8FKR35OidyU,687.08,59
https://www.youtube.com/watch?v=cGZ78J6AqVc,01:49,cGZ78J6AqVc,2436.2,109
https://www.youtube.com/watch?v=5-fUi8UX_Hs,01:24,5-fUi8UX_Hs,1622.04,84
https://www.youtube.com/watch?v=JE0e61q8x9E,00:45,JE0e61q8x9E,701.08,45
https://www.youtube.com/watch?v=kBH_x7rkU2o,01:04,kBH_x7rkU2o,687.06,64
https://www.youtube.com/watch?v=D9k0RHOF0NU,00:40,D9k0RHOF0NU,707.02,40
https://www.youtube.com/watch?v=4eGWHxbTSO8,01:30,4eGWHxbTSO8,2456.02,90
https://www.youtube.com/watch?v=9Ps8AdM1opc,00:46,9Ps8AdM1opc,700.08,46
https://www.youtube.com/watch?v=6_UvBLmdBMU,01:42,6_UvBLmdBMU,2444.02,102
https://www.youtube.com/watch?v=X36vOYlh6AQ,01:23,X36vOYlh6AQ,2463.02,83
https://www.youtube.com/watch?v=DNUB2KKJDjQ,00:46,DNUB2KKJDjQ,700.08,46
https://www.youtube.com/watch?v=SkmpgUDIwI0,01:07,SkmpgUDIwI0,1639.02,67
https://www.youtube.com/watch?v=tVPi_LEFpJk,00:54,tVPi_LEFpJk,692.08,54
https://www.youtube.com/watch?v=7_jvCwNVp68,00:28,7_jvCwNVp68,1526.74,28
https://www.youtube.com/watch?v=UX_AMuNv1zs,00:51,UX_AMuNv1zs,700.06,51
https://www.youtube.com/watch?v=lnfZ-z-Ib7A,04:15,lnfZ-z-Ib7A,1451.04,255
https://www.youtube.com/watch?v=2GwLpaqgF5A,00:50,2GwLpaqgF5A,701.38,50
https://www.youtube.com/watch?v=ZoDGbSFJ3oI,00:51,ZoDGbSFJ3oI,700.06,51
https://www.youtube.com/watch?v=u7bSW99yMIY,01:05,u7bSW99yMIY,1640.4,65
https://www.youtube.com/watch?v=h4yFRO-m0y0,01:28,h4yFRO-m0y0,1616.88,88
https://www.youtube.com/watch?v=CThhxwDYcsY,01:00,CThhxwDYcsY,691.06,60
https://www.youtube.com/watch?v=iDEn0qnjN9o,01:07,iDEn0qnjN9o,1637.46,67
https://www.youtube.com/watch?v=6-CPA4uX9UQ,00:49,6-CPA4uX9UQ,702.06,49
https://www.youtube.com/watch?v=ir4DgZFTbuY,00:53,ir4DgZFTbuY,1501.84,53
https://www.youtube.com/watch?v=gVhb_PaatOg,00:58,gVhb_PaatOg,1646.46,58
https://www.youtube.com/watch?v=XZP93IEudag,01:12,XZP93IEudag,679.06,72
https://www.youtube.com/watch?v=EyA__2HRdOw,00:53,EyA__2HRdOw,698.06,53
https://www.youtube.com/watch?v=swYmpcljNU8,01:06,swYmpcljNU8,685.14,66
https://www.youtube.com/watch?v=5dfbW8FfHbQ,02:23,5dfbW8FfHbQ,1562.18,143
https://www.youtube.com/watch?v=fbCSYJDeoCI,02:40,fbCSYJDeoCI,1546.04,160
https://www.youtube.com/watch?v=npGwq_ZxVKk,00:43,npGwq_ZxVKk,2502.08,43
https://www.youtube.com/watch?v=2YicDtJHpew,01:05,2YicDtJHpew,686.96,65
https://www.youtube.com/watch?v=VnlYM6_x2yo,01:00,VnlYM6_x2yo,691.06,60
https://www.youtube.com/watch?v=J26kgGn5TdQ,00:58,J26kgGn5TdQ,2486.98,58
https://www.youtube.com/watch?v=TfXbzbJQHuw,01:20,TfXbzbJQHuw,2464.14,80
https://www.youtube.com/watch?v=lqKjGCJfpnQ,01:45,lqKjGCJfpnQ,2439.86,105
https://www.youtube.com/watch?v=Cqkd3DN5rcc,00:59,Cqkd3DN5rcc,1646.18,59
https://www.youtube.com/watch?v=9fuUpZeC4Lo,00:52,9fuUpZeC4Lo,699.14,52
https://www.youtube.com/watch?v=EzJqbR2rPwY,01:33,EzJqbR2rPwY,2452.86,93
https://www.youtube.com/watch?v=mn4oanrNQV0,01:00,mn4oanrNQV0,691.06,60
https://www.youtube.com/watch?v=sdB0_oVInuk,00:28,sdB0_oVInuk,2517,28
https://www.youtube.com/watch?v=gD89hfPh4vY,00:29,gD89hfPh4vY,2516.9,29
https://www.youtube.com/watch?v=VGzxmxhVJ9w,01:03,VGzxmxhVJ9w,1641.24,63
https://www.youtube.com/watch?v=8yoRWxfGxTw,00:53,8yoRWxfGxTw,698.06,53
https://www.youtube.com/watch?v=uA2QQnpaOPk,00:45,uA2QQnpaOPk,708.06,45
https://www.youtube.com/watch?v=fBnT0tsLqGQ,02:28,fBnT0tsLqGQ,2402.04,148
https://www.youtube.com/watch?v=b58b-BvWEpo,02:03,b58b-BvWEpo,4969.66,123
https://www.youtube.com/watch?v=gqJo6kC5q_M,02:12,gqJo6kC5q_M,2413.92,132
https://www.youtube.com/watch?v=D0X7KSQ46SE,00:59,D0X7KSQ46SE,692.06,59
https://www.youtube.com/watch?v=-rZkdPXP6H4,01:45,#NAME?,2440.86,105
https://www.youtube.com/watch?v=3IpZko0EPXo,01:06,3IpZko0EPXo,685.06,66
https://www.youtube.com/watch?v=yKg_JP3z1o4,01:23,yKg_JP3z1o4,2461.24,83
https://www.youtube.com/watch?v=IhmT7ceSH7w,01:14,IhmT7ceSH7w,2471.7,74
https://www.youtube.com/watch?v=KqM9O6vs9nY,01:32,KqM9O6vs9nY,2398.24,92
https://www.youtube.com/watch?v=qMbaY8dCfUM,01:12,qMbaY8dCfUM,679.06,72
https://www.youtube.com/watch?v=Z-PY_m5MObY,00:39,Z-PY_m5MObY,715.02,39
https://www.youtube.com/watch?v=PdYcJldzOdw,02:01,PdYcJldzOdw,2423.24,121
https://www.youtube.com/watch?v=2LelUHLl-xM,01:50,2LelUHLl-xM,2436.02,110
https://www.youtube.com/watch?v=6YS7zPJT06Q,01:14,6YS7zPJT06Q,1631.28,74
https://www.youtube.com/watch?v=LuWYdSBJLNM,00:57,LuWYdSBJLNM,694.06,57
https://www.youtube.com/watch?v=KR62f4KtLdo,00:34,KR62f4KtLdo,2511.8,34
https://www.youtube.com/watch?v=-QxuqC6hN60,00:49,#NAME?,703.02,49
https://www.youtube.com/watch?v=b1Enrzgrl1w,01:12,b1Enrzgrl1w,2473,72
https://www.youtube.com/watch?v=SBPe8qZBgVc,00:52,SBPe8qZBgVc,699.14,52
https://www.youtube.com/watch?v=vrbyyIKariE,01:00,vrbyyIKariE,691.06,60
https://www.youtube.com/watch?v=Y4Z2u0jACcs,00:32,Y4Z2u0jACcs,719.06,32
https://www.youtube.com/watch?v=4DVah3bZlV8,01:53,4DVah3bZlV8,2432.02,113
https://www.youtube.com/watch?v=hNymiNCGjQs,00:47,hNymiNCGjQs,704.06,47
https://www.youtube.com/watch?v=bybyUTIU-qo,00:52,bybyUTIU-qo,699.22,52
https://www.youtube.com/watch?v=BPRM8cjilbk,00:56,BPRM8cjilbk,695.06,56
https://www.youtube.com/watch?v=sIQypOBMqZo,00:43,sIQypOBMqZo,707.36,43
https://www.youtube.com/watch?v=E3wSR_o9lAY,00:52,E3wSR_o9lAY,699.06,52
https://www.youtube.com/watch?v=3RXlVr_15JY,01:52,3RXlVr_15JY,2433.98,112
https://www.youtube.com/watch?v=UrcDLopNPV8,01:31,UrcDLopNPV8,2718.86,91
https://www.youtube.com/watch?v=vW1QWG3xSNg,01:18,vW1QWG3xSNg,1478.1,78
https://www.youtube.com/watch?v=tTLGzpAYf54,00:38,tTLGzpAYf54,714.28,38
https://www.youtube.com/watch?v=lAjruwb-yms,01:23,lAjruwb-yms,2463.02,83
https://www.youtube.com/watch?v=tRRoYeKztbY,01:11,tRRoYeKztbY,1483.78,71
https://www.youtube.com/watch?v=dtNixlubgSo,00:53,dtNixlubgSo,2492.86,53
https://www.youtube.com/watch?v=0p71mAZRDR8,00:43,0p71mAZRDR8,708.06,43
https://www.youtube.com/watch?v=wlqckvL8MSA,00:50,wlqckvL8MSA,2494.06,50
https://www.youtube.com/watch?v=Qr5PEAK1t3U,00:52,Qr5PEAK1t3U,1653.9,52
https://www.youtube.com/watch?v=300xF8SxWyM,01:52,300xF8SxWyM,2433.86,112
https://www.youtube.com/watch?v=455vMrEm958,03:10,455vMrEm958,2354.14,190
https://www.youtube.com/watch?v=U1-LCixbumI,01:03,U1-LCixbumI,1492.82,63
https://www.youtube.com/watch?v=y756hWJOA78,00:45,y756hWJOA78,706.06,45
https://www.youtube.com/watch?v=2Zm3siNdKSI,00:51,2Zm3siNdKSI,700.06,51
https://www.youtube.com/watch?v=vbNBj9Kxs6w,00:45,vbNBj9Kxs6w,706.14,45
https://www.youtube.com/watch?v=3zzPk-k4Xaw,01:15,3zzPk-k4Xaw,2470.98,75
https://www.youtube.com/watch?v=OP0U62oiBlM,00:57,OP0U62oiBlM,2488.82,57
https://www.youtube.com/watch?v=vy3gMVGwjuc,00:47,vy3gMVGwjuc,2499.14,47
https://www.youtube.com/watch?v=sI607wWfMSw,00:48,sI607wWfMSw,703.06,48
https://www.youtube.com/watch?v=_CaVAgP-mE0,00:50,_CaVAgP-mE0,701.06,50
https://www.youtube.com/watch?v=z35dX3EEGko,01:45,z35dX3EEGko,2442.02,105
https://www.youtube.com/watch?v=qfuDZEQjro8,01:44,qfuDZEQjro8,2443.58,104
https://www.youtube.com/watch?v=UaNSByf4sLA,01:16,UaNSByf4sLA,1629.9,76
https://www.youtube.com/watch?v=J4TIlid8-zI,00:55,J4TIlid8-zI,696.06,55
https://www.youtube.com/watch?v=WdwCVCPBX5Y,00:53,WdwCVCPBX5Y,697.74,53
https://www.youtube.com/watch?v=pD58Dj648gM,01:52,pD58Dj648gM,2433.86,112
https://www.youtube.com/watch?v=gjbmsAkiY9Q,01:00,gjbmsAkiY9Q,691.06,60
https://www.youtube.com/watch?v=k0poVtBhIsQ,01:27,k0poVtBhIsQ,1468.74,87
https://www.youtube.com/watch?v=kL8ULRjUBlI,00:35,kL8ULRjUBlI,1521.08,35
https://www.youtube.com/watch?v=zL_QwtXyIJk,00:45,zL_QwtXyIJk,706.06,45
https://www.youtube.com/watch?v=cNdiPqExPKs,01:00,cNdiPqExPKs,2491.04,60
https://www.youtube.com/watch?v=cQuunzZqDuQ,01:04,cQuunzZqDuQ,690.74,64
https://www.youtube.com/watch?v=psWarhwc4eY,01:23,psWarhwc4eY,2462.92,83
https://www.youtube.com/watch?v=Fr9L27V337E,01:42,Fr9L27V337E,2890.58,102
https://www.youtube.com/watch?v=tT0ob3cHPmE,01:10,tT0ob3cHPmE,2476.26,70
https://www.youtube.com/watch?v=2QSXKDCFh7o,02:40,2QSXKDCFh7o,2385.7,160
https://www.youtube.com/watch?v=IikNXSEL0Pw,02:33,IikNXSEL0Pw,1407.06,153
https://www.youtube.com/watch?v=b0wZIB_oYWo,02:14,b0wZIB_oYWo,1426.5,134
https://www.youtube.com/watch?v=-ePZ7OdY-Dw,00:39,#NAME?,2506.86,39
https://www.youtube.com/watch?v=bQN420LIwrc,00:50,bQN420LIwrc,1308.34,50
https://www.youtube.com/watch?v=SAnWF6yTaWQ,00:58,SAnWF6yTaWQ,1498.66,58
https://www.youtube.com/watch?v=he8FGw9e-pc,00:47,he8FGw9e-pc,1481.74,47
https://www.youtube.com/watch?v=sRIiTk1nR78,01:11,sRIiTk1nR78,1438.46,71
https://www.youtube.com/watch?v=4IG4eVdhbxI,00:38,4IG4eVdhbxI,1394.18,38
https://www.youtube.com/watch?v=vbaI4pEHPR8,00:59,vbaI4pEHPR8,1646.82,59
https://www.youtube.com/watch?v=3cO58tL1CUw,00:47,3cO58tL1CUw,1263.9,47
https://www.youtube.com/watch?v=bLfriUWYlQE,00:40,bLfriUWYlQE,711.06,40
https://www.youtube.com/watch?v=oHwwvocAQzk,00:50,oHwwvocAQzk,701.06,50
https://www.youtube.com/watch?v=2GLsM169izM,01:30,2GLsM169izM,2455.9,90
https://www.youtube.com/watch?v=LK1GoGFCfZ8,01:49,LK1GoGFCfZ8,1452.56,109
https://www.youtube.com/watch?v=zOtshu8Fr9c,01:03,zOtshu8Fr9c,688.06,63
https://www.youtube.com/watch?v=Z8DRRkNRYW0,01:21,Z8DRRkNRYW0,2464.92,81
https://www.youtube.com/watch?v=NShW769p3Ik,00:50,NShW769p3Ik,701.06,50
https://www.youtube.com/watch?v=sfNFMcSiFQI,01:50,sfNFMcSiFQI,2435.8,110
https://www.youtube.com/watch?v=xz729FOOk94,00:46,xz729FOOk94,705.06,46
https://www.youtube.com/watch?v=VNooOoJyCWI,01:17,VNooOoJyCWI,2468.94,77
https://www.youtube.com/watch?v=noo8-_LYIpA,00:49,noo8-_LYIpA,1506.86,49
https://www.youtube.com/watch?v=PjyX5dnhaMw,00:56,PjyX5dnhaMw,3155.02,56
https://www.youtube.com/watch?v=AvZjFKzQ_WA,00:39,AvZjFKzQ_WA,712.06,39
https://www.youtube.com/watch?v=rlPZ0Bev99s,01:13,rlPZ0Bev99s,3098.64,73
https://www.youtube.com/watch?v=22Npts6_T9k,01:57,22Npts6_T9k,1514.02,117
https://www.youtube.com/watch?v=7CMp1gU5PXM,01:01,7CMp1gU5PXM,690.06,61
https://www.youtube.com/watch?v=KyhUqTQsh6I,00:38,KyhUqTQsh6I,712.1,38
https://www.youtube.com/watch?v=U8fmlEMtGd0,00:50,U8fmlEMtGd0,700.98,50
https://www.youtube.com/watch?v=co9UD89J_1g,00:46,co9UD89J_1g,705.06,46
https://www.youtube.com/watch?v=ZKomTQQ2Ij4,01:56,ZKomTQQ2Ij4,2429.86,116
https://www.youtube.com/watch?v=DsP5oP62fU8,01:12,DsP5oP62fU8,1632.88,72
https://www.youtube.com/watch?v=9qHceCMkoxY,00:35,9qHceCMkoxY,1440.1,35
https://www.youtube.com/watch?v=JusaSwAg48c,00:52,JusaSwAg48c,698.9,52
https://www.youtube.com/watch?v=qydjOM4yi5Q,01:46,qydjOM4yi5Q,2439.82,106
https://www.youtube.com/watch?v=ySzzjut3c9A,00:51,ySzzjut3c9A,700.06,51
https://www.youtube.com/watch?v=xO6AnTc0OE8,01:40,xO6AnTc0OE8,2445.86,100
https://www.youtube.com/watch?v=e9SsnK6t-z8,00:43,e9SsnK6t-z8,717.1,43
https://www.youtube.com/watch?v=-AqF-2Htv-I,00:58,-AqF-2Htv-I,694.18,58
https://www.youtube.com/watch?v=W6gyEbprEiQ,00:49,W6gyEbprEiQ,1512,49
https://www.youtube.com/watch?v=o4ah2I8YjkQ,00:53,o4ah2I8YjkQ,698.06,53
https://www.youtube.com/watch?v=rHrdFc9kC7M,00:39,rHrdFc9kC7M,2400.7,39
https://www.youtube.com/watch?v=b3U8eH8LTp0,00:51,b3U8eH8LTp0,1498.46,51
https://www.youtube.com/watch?v=bArtnedm3eQ,00:41,bArtnedm3eQ,709.74,41
https://www.youtube.com/watch?v=TWpCj8jIxkY,01:52,TWpCj8jIxkY,2434.02,112
https://www.youtube.com/watch?v=KSwqdl0Q9F8,00:44,KSwqdl0Q9F8,707.06,44
https://www.youtube.com/watch?v=xIBf48PP9hI,00:49,xIBf48PP9hI,1506.82,49
https://www.youtube.com/watch?v=4a0-WnFA1wA,00:53,4a0-WnFA1wA,698.14,53
https://www.youtube.com/watch?v=8FLXf-mW5QI,00:29,8FLXf-mW5QI,1526.94,29
https://www.youtube.com/watch?v=CidaOP7PA-o,02:03,CidaOP7PA-o,2422.78,123
https://www.youtube.com/watch?v=x6sM5sShTSs,00:49,x6sM5sShTSs,674.86,49
https://www.youtube.com/watch?v=peOvrU4WVbs,00:41,peOvrU4WVbs,1508.6,41
https://www.youtube.com/watch?v=HKQoRg0dZg4,01:03,HKQoRg0dZg4,687.1,63
https://www.youtube.com/watch?v=s0dMTAQM4cw,01:21,s0dMTAQM4cw,2464.9,81
https://www.youtube.com/watch?v=H0k31FURJPg,00:45,H0k31FURJPg,677.58,45
https://www.youtube.com/watch?v=oCZr4j24dsg,00:45,oCZr4j24dsg,1510.86,45
https://www.youtube.com/watch?v=rcCu3Yia6WU,01:53,rcCu3Yia6WU,2432.78,113
https://www.youtube.com/watch?v=vTgMIivWu8o,01:13,vTgMIivWu8o,681.02,73
https://www.youtube.com/watch?v=-fusUxEPwsw,00:36,#NAME?,1669.86,36
https://www.youtube.com/watch?v=oJP4g88Im5c,00:06,oJP4g88Im5c,461.42,6
https://www.youtube.com/watch?v=TySxK0GyBsM,00:05,TySxK0GyBsM,649.42,5
https://www.youtube.com/watch?v=IecNzgdILic,00:05,IecNzgdILic,533.38,5
https://www.youtube.com/watch?v=Kap1dQnkKPw,00:05,Kap1dQnkKPw,533.1,5
https://www.youtube.com/watch?v=K2-mQ4UJpJ8,00:05,K2-mQ4UJpJ8,507.42,5
https://www.youtube.com/watch?v=QcXWCSyXMBM,00:05,QcXWCSyXMBM,617.04,5
https://www.youtube.com/watch?v=5q4D7apcQ80,00:05,5q4D7apcQ80,506.18,5
https://www.youtube.com/watch?v=G0Iq45Nbevk,00:05,G0Iq45Nbevk,2540.82,5
https://www.youtube.com/watch?v=BAdvwQKyYkM,00:46,BAdvwQKyYkM,704.68,46
https://www.youtube.com/watch?v=QAdw7N9l1tM,01:21,QAdw7N9l1tM,2464.8,81
https://www.youtube.com/watch?v=3LsqaJrKiPI,01:07,3LsqaJrKiPI,3479.34,67
https://www.youtube.com/watch?v=y-Rsf5fYQ4I,00:14,y-Rsf5fYQ4I,2531.18,14
https://www.youtube.com/watch?v=hcXjVxaKzv4,01:48,hcXjVxaKzv4,1597.92,108
https://www.youtube.com/watch?v=qrvkHyYIUyE,01:45,qrvkHyYIUyE,2440.92,105
https://www.youtube.com/watch?v=kBZdsMb9upI,01:26,kBZdsMb9upI,1469.9,86
https://www.youtube.com/watch?v=P0hhJYPNsSo,00:50,P0hhJYPNsSo,701.14,50
https://www.youtube.com/watch?v=SaGIKIMZzTQ,00:52,SaGIKIMZzTQ,1503.98,52
https://www.youtube.com/watch?v=CVBcRIGYyPE,00:52,CVBcRIGYyPE,698.98,52
https://www.youtube.com/watch?v=Izd2qOgOGQI,02:01,Izd2qOgOGQI,2425.02,121
https://www.youtube.com/watch?v=AJE-Iz9bBPE,00:43,AJE-Iz9bBPE,708.06,43
https://www.youtube.com/watch?v=OsKD_D-__5I,01:01,OsKD_D-__5I,1494.98,61
https://www.youtube.com/watch?v=5PBs7RqPTrI,02:30,5PBs7RqPTrI,2395.94,150
https://www.youtube.com/watch?v=y6wuQyJZILI,00:46,y6wuQyJZILI,705.06,46
https://www.youtube.com/watch?v=K9MaGf-Su9I,01:47,K9MaGf-Su9I,2438.9,107
https://www.youtube.com/watch?v=UPSgV0bVrcY,00:35,UPSgV0bVrcY,716.06,35
https://www.youtube.com/watch?v=zYJhMpWSNhc,00:45,zYJhMpWSNhc,1510.76,45
https://www.youtube.com/watch?v=YQUQG8WaRMI,00:56,YQUQG8WaRMI,694.98,56
https://www.youtube.com/watch?v=QyeBxcvUJIU,01:33,QyeBxcvUJIU,2452.94,93
https://www.youtube.com/watch?v=cUxw9Re-Z-E,01:33,cUxw9Re-Z-E,2452.9,93
https://www.youtube.com/watch?v=HYKzUGd47fE,00:40,HYKzUGd47fE,711.06,40
https://www.youtube.com/watch?v=aJYS6Gf3hgY,00:48,aJYS6Gf3hgY,1507.94,48
https://www.youtube.com/watch?v=PUgotwc8HwI,01:41,PUgotwc8HwI,899.58,101
https://www.youtube.com/watch?v=ckSrlCmX_Cg,01:00,ckSrlCmX_Cg,1645.98,60
https://www.youtube.com/watch?v=Hdp8bU-rEXA,00:49,Hdp8bU-rEXA,701.58,49
https://www.youtube.com/watch?v=qae2UTsAKBc,01:36,qae2UTsAKBc,2449.9,96
https://www.youtube.com/watch?v=0udeF84VjrY,00:37,0udeF84VjrY,714.06,37
https://www.youtube.com/watch?v=VUAf_e9Y6XA,00:38,VUAf_e9Y6XA,1517.58,38
https://www.youtube.com/watch?v=60B_a3eHetA,00:45,60B_a3eHetA,707.58,45
https://www.youtube.com/watch?v=Ga5Uc9X6dIA,02:22,Ga5Uc9X6dIA,2978.02,142
https://www.youtube.com/watch?v=wLOmZCUr7BQ,01:20,wLOmZCUr7BQ,1625.9,80
https://www.youtube.com/watch?v=AYUFTyPY1SY,00:55,AYUFTyPY1SY,695.06,55
https://www.youtube.com/watch?v=NXaVLXSZdEw,01:42,NXaVLXSZdEw,2443.66,102
https://www.youtube.com/watch?v=S7Ck8_deK9c,01:10,S7Ck8_deK9c,890.6,70
https://www.youtube.com/watch?v=78xdMXOx7Rw,01:55,78xdMXOx7Rw,2430.7,115
https://www.youtube.com/watch?v=Xaj1Gj7oXFM,01:30,Xaj1Gj7oXFM,1609.98,90
https://www.youtube.com/watch?v=cHjMT8PquA0,00:43,cHjMT8PquA0,708.06,43
https://www.youtube.com/watch?v=dMVq4jj1QtE,00:46,dMVq4jj1QtE,2499.58,46
https://www.youtube.com/watch?v=uo0dFWOMaDM,01:35,uo0dFWOMaDM,2450.7,95
https://www.youtube.com/watch?v=Of9hKnf3Obs,01:00,Of9hKnf3Obs,690.26,60
https://www.youtube.com/watch?v=NxXl2xE52PI,00:50,NxXl2xE52PI,707.76,50
https://www.youtube.com/watch?v=4LAe_pMn4dA,00:55,4LAe_pMn4dA,1500.56,55
https://www.youtube.com/watch?v=O90PShJVu58,01:26,O90PShJVu58,2459.66,86
https://www.youtube.com/watch?v=Y9qSsCzIVJU,00:40,Y9qSsCzIVJU,710.1,40
https://www.youtube.com/watch?v=cl4Uv9_7KJE,01:26,cl4Uv9_7KJE,2459.7,86
https://www.youtube.com/watch?v=g3NhYj5IcPc,00:45,g3NhYj5IcPc,712.94,45
https://www.youtube.com/watch?v=_LMUWV1Tacs,01:15,_LMUWV1Tacs,2470.42,75
https://www.youtube.com/watch?v=BmHTQsxxkPk,01:52,BmHTQsxxkPk,2433.5,112
https://www.youtube.com/watch?v=5sNFveHpkwI,00:48,5sNFveHpkwI,2477.74,48
https://www.youtube.com/watch?v=5GVxz5U-qV0,00:35,5GVxz5U-qV0,716.04,35
https://www.youtube.com/watch?v=85RqiMMNmUI,02:05,85RqiMMNmUI,2420.54,125
https://www.youtube.com/watch?v=jkoCS5puBeU,00:40,jkoCS5puBeU,711.04,40
https://www.youtube.com/watch?v=U3KUi_1vJsE,00:45,U3KUi_1vJsE,706.04,45
https://www.youtube.com/watch?v=wEufTD39xrw,01:30,wEufTD39xrw,2461,90
https://www.youtube.com/watch?v=Kw6aFdlsVt0,01:30,Kw6aFdlsVt0,1451.22,90
https://www.youtube.com/watch?v=co5uywe-1Z8,01:25,co5uywe-1Z8,2460.5,85
https://www.youtube.com/watch?v=YhxJ4hLth64,01:00,YhxJ4hLth64,691.06,60
https://www.youtube.com/watch?v=RTZdzFCmIgs,01:22,RTZdzFCmIgs,2463.92,82
https://www.youtube.com/watch?v=CF0nQXrEJ30,00:25,CF0nQXrEJ30,1530.62,25
https://www.youtube.com/watch?v=Amfrm2V_KO0,00:49,Amfrm2V_KO0,702.14,49
https://www.youtube.com/watch?v=6uNcGyKQcsY,01:00,6uNcGyKQcsY,661.05,60
https://www.youtube.com/watch?v=mJBH2IFWsGA,00:45,mJBH2IFWsGA,676.18,45
https://www.youtube.com/watch?v=iXGtx-hroKE,00:50,iXGtx-hroKE,1505.7,50
https://www.youtube.com/watch?v=qwNVNE83Udo,01:31,qwNVNE83Udo,2454.58,91
https://www.youtube.com/watch?v=qx46iJsEm70,00:40,qx46iJsEm70,711.04,40
https://www.youtube.com/watch?v=2uVWAS6Q6AY,02:00,2uVWAS6Q6AY,2425.62,120
https://www.youtube.com/watch?v=BCnfRCVpxFI,00:50,BCnfRCVpxFI,670.98,50
https://www.youtube.com/watch?v=LW1415Ddf8c,02:08,LW1415Ddf8c,2423.04,128
https://www.youtube.com/watch?v=KYSWEq70YYk,00:50,KYSWEq70YYk,670.94,50
https://www.youtube.com/watch?v=rg3X1vZN5TA,02:10,rg3X1vZN5TA,2421.04,130
https://www.youtube.com/watch?v=LtiwXTxp6DE,00:40,LtiwXTxp6DE,680.42,40
https://www.youtube.com/watch?v=Igk5NHH-qJ0,02:20,Igk5NHH-qJ0,2405.66,140
https://www.youtube.com/watch?v=isiYYVmvn2U,02:20,isiYYVmvn2U,2405.66,140
https://www.youtube.com/watch?v=pGZIc0Pokhs,00:50,pGZIc0Pokhs,671.02,50
https://www.youtube.com/watch?v=0G4xMWmbGtw,01:40,0G4xMWmbGtw,1461.06,100
https://www.youtube.com/watch?v=TjWZehM-2Ew,00:50,TjWZehM-2Ew,665.66,50
https://www.youtube.com/watch?v=-Jn41vwZd94,02:00,#NAME?,1441.06,120
https://www.youtube.com/watch?v=Xw9Zsc9A924,00:38,Xw9Zsc9A924,677.56,38
https://www.youtube.com/watch?v=cYP_wMJsgyg,02:00,cYP_wMJsgyg,2425.38,120
https://www.youtube.com/watch?v=frTz5hL3z2U,01:19,frTz5hL3z2U,1482.06,79
https://www.youtube.com/watch?v=L42QCTOfNgA,01:09,L42QCTOfNgA,1481.54,69
https://www.youtube.com/watch?v=tkUv2R97I-Y,01:20,tkUv2R97I-Y,1510.56,80
https://www.youtube.com/watch?v=73npEw0Amhk,00:39,73npEw0Amhk,681.1,39
https://www.youtube.com/watch?v=3ijJb3Upg_k,00:55,3ijJb3Upg_k,666.05,55
https://www.youtube.com/watch?v=GbECT1J9bXg,01:10,GbECT1J9bXg,2475.66,70
https://www.youtube.com/watch?v=z7CIO-YrOzA,02:05,z7CIO-YrOzA,3057.58,125
https://www.youtube.com/watch?v=FG1hCPijyj4,00:38,FG1hCPijyj4,677.46,38
https://www.youtube.com/watch?v=BY0RbbmHPdk,00:50,BY0RbbmHPdk,671.02,50
https://www.youtube.com/watch?v=CD1LuZtBAZo,01:50,CD1LuZtBAZo,2435.92,110
https://www.youtube.com/watch?v=cBXMt8cYJYQ,00:50,cBXMt8cYJYQ,671.02,50
https://www.youtube.com/watch?v=zbvhQn2uAn8,00:42,zbvhQn2uAn8,679.02,42
https://www.youtube.com/watch?v=6bWw3eA4L3g,00:45,6bWw3eA4L3g,679.08,45
https://www.youtube.com/watch?v=1MaQs3AjhdI,00:55,1MaQs3AjhdI,666.18,55
https://www.youtube.com/watch?v=kJuNcOf_kfE,00:32,kJuNcOf_kfE,1523.98,32
https://www.youtube.com/watch?v=0g9R-eBW7T0,00:45,0g9R-eBW7T0,675.56,45
https://www.youtube.com/watch?v=VpK8fpqPJT0,00:50,VpK8fpqPJT0,2495.92,50
https://www.youtube.com/watch?v=VtIQrP6FvOo,01:00,VtIQrP6FvOo,661.02,60
https://www.youtube.com/watch?v=ivbbsJRztwg,00:56,ivbbsJRztwg,665.02,56
https://www.youtube.com/watch?v=VPyKErEF9f0,00:45,VPyKErEF9f0,676.02,45
https://www.youtube.com/watch?v=tSDG6HI8ebw,00:49,tSDG6HI8ebw,672.1,49
https://www.youtube.com/watch?v=A2kb1EGx8bk,00:40,A2kb1EGx8bk,681.02,40
https://www.youtube.com/watch?v=Bx7KpO32TNE,00:43,Bx7KpO32TNE,678.02,43
https://www.youtube.com/watch?v=jPiz_y1dG3o,01:20,jPiz_y1dG3o,1481.06,80
https://www.youtube.com/watch?v=ppTdtPfN17Y,00:40,ppTdtPfN17Y,680.14,40
https://www.youtube.com/watch?v=AFIxi7BiScI,01:45,AFIxi7BiScI,2405.66,105
https://www.youtube.com/watch?v=W9MZCXFqFig,00:35,W9MZCXFqFig,1670.7,35
https://www.youtube.com/watch?v=M8rcz14hDak,00:56,M8rcz14hDak,665.05,56
https://www.youtube.com/watch?v=y6JJt2i28zs,00:50,y6JJt2i28zs,671.02,50
https://www.youtube.com/watch?v=zFdvBWKIcbU,00:50,zFdvBWKIcbU,671.02,50
https://www.youtube.com/watch?v=z8LCsV6JWc8,00:40,z8LCsV6JWc8,681.02,40
https://www.youtube.com/watch?v=9NJ_FEiW380,00:50,9NJ_FEiW380,671.05,50
https://www.youtube.com/watch?v=wpdZZF8t9x0,01:10,wpdZZF8t9x0,2475.8,70
https://www.youtube.com/watch?v=XSGRd5Ve1zI,00:40,XSGRd5Ve1zI,2511,40
https://www.youtube.com/watch?v=I2vYr6gx56o,00:38,I2vYr6gx56o,2507.66,38
https://www.youtube.com/watch?v=Ltrvm1r6KMo,00:51,Ltrvm1r6KMo,670.02,51
https://www.youtube.com/watch?v=vea33I4PfSo,00:35,vea33I4PfSo,685.58,35
https://www.youtube.com/watch?v=aHNWZ018ln8,02:32,aHNWZ018ln8,2399,152
https://www.youtube.com/watch?v=hDJrEtl5suk,00:42,hDJrEtl5suk,1513.62,42
https://www.youtube.com/watch?v=8sxaz0LdBW8,01:05,8sxaz0LdBW8,656.03,65
https://www.youtube.com/watch?v=zPXdF3NdTIw,00:45,zPXdF3NdTIw,676.06,45
https://www.youtube.com/watch?v=c4B7U1QG1i8,00:50,c4B7U1QG1i8,670.78,50
https://www.youtube.com/watch?v=G_e7eFSkEjw,01:10,G_e7eFSkEjw,1635.7,70
https://www.youtube.com/watch?v=DnW9ZQtI1_E,01:30,DnW9ZQtI1_E,2456.02,90
https://www.youtube.com/watch?v=03vWwqYPf60,01:00,03vWwqYPf60,2492.06,60
https://www.youtube.com/watch?v=em7aVh9vcIs,00:38,em7aVh9vcIs,683.06,38
https://www.youtube.com/watch?v=kUMYT6tozEg,00:53,kUMYT6tozEg,1652.58,53
https://www.youtube.com/watch?v=R8j123slEMU,00:40,R8j123slEMU,681.06,40
https://www.youtube.com/watch?v=AcvNuQ3AFEs,00:45,AcvNuQ3AFEs,676.06,45
https://www.youtube.com/watch?v=0kaZ5jeuMa0,01:07,0kaZ5jeuMa0,2485.7,67
https://www.youtube.com/watch?v=J6DxXI6wD8U,01:43,J6DxXI6wD8U,2442.62,103
https://www.youtube.com/watch?v=BwcAaL-ajpY,00:42,BwcAaL-ajpY,679.06,42
https://www.youtube.com/watch?v=xkbL0eaIfBM,00:48,xkbL0eaIfBM,673.06,48
https://www.youtube.com/watch?v=ionHlck2PgI,00:54,ionHlck2PgI,667.06,54
https://www.youtube.com/watch?v=WoFouzeYy0o,01:33,WoFouzeYy0o,1457.5,93
https://www.youtube.com/watch?v=KM9urQRlJdc,00:41,KM9urQRlJdc,680.33,41
https://www.youtube.com/watch?v=4xgPBb1xHYI,00:48,4xgPBb1xHYI,673.06,48
https://www.youtube.com/watch?v=eTBRe2FtvC8,00:42,eTBRe2FtvC8,681.94,42
https://www.youtube.com/watch?v=SPVQQqUu4-M,01:51,SPVQQqUu4-M,1433.54,111
https://www.youtube.com/watch?v=1ReFNdkQ5Y8,00:38,1ReFNdkQ5Y8,1532.38,38
https://www.youtube.com/watch?v=7nFI1Bamg2c,00:30,7nFI1Bamg2c,690.72,30
https://www.youtube.com/watch?v=985xnRfA2VE,00:42,985xnRfA2VE,2513.5,42
https://www.youtube.com/watch?v=IbjMs8V3YBo,00:43,IbjMs8V3YBo,678.06,43
https://www.youtube.com/watch?v=sM8Z2sbou0k,00:35,sM8Z2sbou0k,685.82,35
https://www.youtube.com/watch?v=5TYtKSiv2kk,00:31,5TYtKSiv2kk,692,31
https://www.youtube.com/watch?v=khXGMcX59YE,00:44,khXGMcX59YE,578.86,44
https://www.youtube.com/watch?v=Jh7Owgvlu0Y,00:45,Jh7Owgvlu0Y,681.5,45
https://www.youtube.com/watch?v=iDo1vIBqi10,01:28,iDo1vIBqi10,2456.78,88
https://www.youtube.com/watch?v=-yPbLerhRCQ,00:32,#NAME?,692,32
https://www.youtube.com/watch?v=ciBQFItYc7E,00:31,ciBQFItYc7E,689.42,31
https://www.youtube.com/watch?v=lDveK6oWN5w,00:37,lDveK6oWN5w,683.94,37
https://www.youtube.com/watch?v=HPJjQJ1UWn4,00:17,HPJjQJ1UWn4,1562.26,17
https://www.youtube.com/watch?v=ejK8IEvLjtQ,00:32,ejK8IEvLjtQ,689.06,32
https://www.youtube.com/watch?v=KcGprtOQeJw,01:14,KcGprtOQeJw,1631.7,74
https://www.youtube.com/watch?v=QgSIG3qI3Aw,00:35,QgSIG3qI3Aw,689,35
https://www.youtube.com/watch?v=lHSO0RQFRe8,00:46,lHSO0RQFRe8,1512.74,46
https://www.youtube.com/watch?v=xRCRBRpLeUM,00:38,xRCRBRpLeUM,683.06,38
https://www.youtube.com/watch?v=Jb5kYAHTCpM,00:31,Jb5kYAHTCpM,690.03,31
https://www.youtube.com/watch?v=01D4L0deJPw,00:34,01D4L0deJPw,687.06,34
https://www.youtube.com/watch?v=reEZn3mJ-Fo,02:34,reEZn3mJ-Fo,2415.98,154
https://www.youtube.com/watch?v=7MVI7Ne9PQI,01:30,7MVI7Ne9PQI,1471.06,90
https://www.youtube.com/watch?v=Tp3Xd39iYtU,00:23,Tp3Xd39iYtU,1682.66,23
https://www.youtube.com/watch?v=h4jaf6YMVUI,00:32,h4jaf6YMVUI,689.06,32
https://www.youtube.com/watch?v=_Ud-guTCP_c,01:30,_Ud-guTCP_c,1470.14,90
https://www.youtube.com/watch?v=bltWKd82tzE,00:38,bltWKd82tzE,683.06,38
https://www.youtube.com/watch?v=sclwgAXiHhI,01:23,sclwgAXiHhI,1478.02,83
https://www.youtube.com/watch?v=yHZOIs3FL6A,00:31,yHZOIs3FL6A,690,31
https://www.youtube.com/watch?v=6wDJIQFsBis,00:47,6wDJIQFsBis,2498.7,47
https://www.youtube.com/watch?v=VhfdqVI6ImI,00:42,VhfdqVI6ImI,678.74,42
https://www.youtube.com/watch?v=O6KZEUdTGsk,01:07,O6KZEUdTGsk,2478.78,67
https://www.youtube.com/watch?v=AzBQPZa6-RA,00:46,AzBQPZa6-RA,675.1,46
https://www.youtube.com/watch?v=wQ-LIjenrxw,01:17,wQ-LIjenrxw,1484.02,77
https://www.youtube.com/watch?v=MMIABcbEIGg,01:40,MMIABcbEIGg,1461.1,100
https://www.youtube.com/watch?v=_yruBeRM6yc,01:49,_yruBeRM6yc,1452.06,109
https://www.youtube.com/watch?v=OyBIFSQmKt4,01:47,OyBIFSQmKt4,1454.06,107
https://www.youtube.com/watch?v=9yTnB72658A,01:47,9yTnB72658A,1454.06,107
https://www.youtube.com/watch?v=LhiuA71tF5Y,01:07,LhiuA71tF5Y,1494.06,67
https://www.youtube.com/watch?v=pnXcqZ6r32U,00:31,pnXcqZ6r32U,692.04,31
https://www.youtube.com/watch?v=fy4WWQN_-Fs,00:42,fy4WWQN_-Fs,678.42,42
https://www.youtube.com/watch?v=xC4h7SA6sBc,01:17,xC4h7SA6sBc,1485.06,77
https://www.youtube.com/watch?v=6OHL9UTCTlM,01:44,6OHL9UTCTlM,2441.7,104
https://www.youtube.com/watch?v=wlahWQC2smE,00:41,wlahWQC2smE,680.06,41
https://www.youtube.com/watch?v=UzivaxYf1iM,00:47,UzivaxYf1iM,674.06,47
https://www.youtube.com/watch?v=TZ0j6kr4ZJ0,01:49,TZ0j6kr4ZJ0,2461.42,109
https://www.youtube.com/watch?v=qV_4QdwMkCs,00:31,qV_4QdwMkCs,690.06,31
https://www.youtube.com/watch?v=oqr3xFYOF70,00:31,oqr3xFYOF70,691.02,31
https://www.youtube.com/watch?v=j4VFH2QR1pQ,00:31,j4VFH2QR1pQ,690,31
https://www.youtube.com/watch?v=1qeRj_qfNM0,00:32,1qeRj_qfNM0,2538.5,32
https://www.youtube.com/watch?v=f6ZecZScrCA,00:27,f6ZecZScrCA,2518.62,27
https://www.youtube.com/watch?v=o5eaKtRxsA8,01:55,o5eaKtRxsA8,1446.02,115
https://www.youtube.com/watch?v=_zcZhg_WnYw,00:43,_zcZhg_WnYw,681.4,43
https://www.youtube.com/watch?v=Egzd7PsmNTo,01:30,Egzd7PsmNTo,1465.62,90
https://www.youtube.com/watch?v=OntOGcWRvHA,00:52,OntOGcWRvHA,2493.7,52
https://www.youtube.com/watch?v=RiUeFQZlrnc,00:28,RiUeFQZlrnc,696.04,28
https://www.youtube.com/watch?v=XUdm_jjcWRE,00:33,XUdm_jjcWRE,694.16,33
https://www.youtube.com/watch?v=xLmMZLaScBA,00:33,xLmMZLaScBA,691.04,33
https://www.youtube.com/watch?v=K6pxRD5IAQQ,01:53,K6pxRD5IAQQ,1592.9,113
https://www.youtube.com/watch?v=AOJ4w_OJA_E,00:42,AOJ4w_OJA_E,679.1,42
https://www.youtube.com/watch?v=czAykeFF83k,02:35,czAykeFF83k,5229.82,155
https://www.youtube.com/watch?v=_LFOxwIeVqk,00:31,_LFOxwIeVqk,690.06,31
https://www.youtube.com/watch?v=6OBgbLg2t3Q,00:41,6OBgbLg2t3Q,680.06,41
https://www.youtube.com/watch?v=vizu9YTCcB0,00:31,vizu9YTCcB0,693,31
https://www.youtube.com/watch?v=7gqXaI70wC8,00:31,7gqXaI70wC8,689.82,31
https://www.youtube.com/watch?v=8PgHxK4ghLA,00:49,8PgHxK4ghLA,674.92,49
https://www.youtube.com/watch?v=K3VDt5XK0Ag,00:31,K3VDt5XK0Ag,690.02,31
https://www.youtube.com/watch?v=kToLeIkpLuY,01:06,kToLeIkpLuY,154.52,66
https://www.youtube.com/watch?v=s8VNJ88AFWw,01:15,s8VNJ88AFWw,2470.7,75
https://www.youtube.com/watch?v=xowpmxq6LbY,01:52,xowpmxq6LbY,934.9,112
https://www.youtube.com/watch?v=VwV0H-i9J9E,04:28,VwV0H-i9J9E,1229.46,268
https://www.youtube.com/watch?v=fcpiKx9gCRs,04:33,fcpiKx9gCRs,1135.86,273
https://www.youtube.com/watch?v=xssElZd4CJs,00:31,xssElZd4CJs,690.06,31
https://www.youtube.com/watch?v=crli-5mJf3A,00:32,crli-5mJf3A,688.1,32
https://www.youtube.com/watch?v=NGUbboTjT18,00:31,NGUbboTjT18,2520.13,31
https://www.youtube.com/watch?v=6IOH7b68byk,00:31,6IOH7b68byk,2520.08,31
https://www.youtube.com/watch?v=ByRHSzQC_uM,00:31,ByRHSzQC_uM,692.72,31
https://www.youtube.com/watch?v=SpJFMLHyQdw,00:48,SpJFMLHyQdw,673.02,48
https://www.youtube.com/watch?v=WAFOFSU_3sA,00:37,WAFOFSU_3sA,2509.02,37
https://www.youtube.com/watch?v=wnPHvm5u334,00:41,wnPHvm5u334,680.02,41
https://www.youtube.com/watch?v=ykAisB_4WLg,01:50,ykAisB_4WLg,2439.04,110
https://www.youtube.com/watch?v=6Ruzivpk8Vg,00:52,6Ruzivpk8Vg,672.04,52
https://www.youtube.com/watch?v=zxsWrzpqnRs,00:41,zxsWrzpqnRs,679.7,41
https://www.youtube.com/watch?v=DTqi5f0ScKU,02:57,DTqi5f0ScKU,123.16,177
https://www.youtube.com/watch?v=a7HuqMFCI1c,00:41,a7HuqMFCI1c,680.02,41
https://www.youtube.com/watch?v=fyYo6quHZss,00:57,fyYo6quHZss,2488.6,57
https://www.youtube.com/watch?v=g171WEa-dVw,00:35,g171WEa-dVw,686.02,35
https://www.youtube.com/watch?v=xOGQR1-TQTc,01:29,xOGQR1-TQTc,1616.86,89
https://www.youtube.com/watch?v=t6m49vNjEGs,01:22,t6m49vNjEGs,2462.74,82
https://www.youtube.com/watch?v=xf1PhlhGv6o,00:37,xf1PhlhGv6o,683.14,37
https://www.youtube.com/watch?v=fyzsVF8Sxuo,00:35,fyzsVF8Sxuo,686.1,35
https://www.youtube.com/watch?v=CVuVlk2E_e4,02:53,CVuVlk2E_e4,5298.32,173
https://www.youtube.com/watch?v=9MkcTI00_uw,02:00,9MkcTI00_uw,2426.02,120
https://www.youtube.com/watch?v=bOBUbnEU7wY,00:52,bOBUbnEU7wY,2493.98,52
https://www.youtube.com/watch?v=ZA7JW0Hc7A8,00:41,ZA7JW0Hc7A8,680.06,41
https://www.youtube.com/watch?v=AeNtwPKStog,00:35,AeNtwPKStog,686.1,35
https://www.youtube.com/watch?v=pthrCZFTIts,00:41,pthrCZFTIts,683.04,41
https://www.youtube.com/watch?v=nDfYzcljIg8,00:32,nDfYzcljIg8,689.02,32
https://www.youtube.com/watch?v=zA6TWnquOYo,01:06,zA6TWnquOYo,2479.62,66
https://www.youtube.com/watch?v=UR-u7cYqSH8,00:35,UR-u7cYqSH8,690.12,35
https://www.youtube.com/watch?v=lqSoLVkYYu0,00:57,lqSoLVkYYu0,2487.66,57
https://www.youtube.com/watch?v=q7Q-r0kw7VI,00:41,q7Q-r0kw7VI,680.02,41
https://www.youtube.com/watch?v=3GHGeC3WKNw,00:26,3GHGeC3WKNw,2518.86,26
https://www.youtube.com/watch?v=yGQ_3uOBm2Y,00:26,yGQ_3uOBm2Y,2519.26,26
https://www.youtube.com/watch?v=hfZ5WXjMprg,00:37,hfZ5WXjMprg,2508.82,37
https://www.youtube.com/watch?v=jinma166biU,00:31,jinma166biU,2514.62,31
https://www.youtube.com/watch?v=s-HIt_XPyqU,00:26,s-HIt_XPyqU,2519.5,26
https://www.youtube.com/watch?v=H3QpYzrRiTg,00:31,H3QpYzrRiTg,2514.78,31
https://www.youtube.com/watch?v=GIlsY-AJRzw,00:37,GIlsY-AJRzw,683.32,37
https://www.youtube.com/watch?v=3lI9KtVAZNk,00:41,3lI9KtVAZNk,684.14,41
https://www.youtube.com/watch?v=UabU9PAncho,01:54,UabU9PAncho,2431.9,114
https://www.youtube.com/watch?v=7Xkt187K4dc,00:35,7Xkt187K4dc,689.04,35
https://www.youtube.com/watch?v=BBPCPaF4Jr0,00:37,BBPCPaF4Jr0,684.1,37
https://www.youtube.com/watch?v=agij_IxGjCI,01:47,agij_IxGjCI,2437.9,107
https://www.youtube.com/watch?v=p8mF2z1ZZhw,00:57,p8mF2z1ZZhw,665.78,57
https://www.youtube.com/watch?v=Hj5dCmt2p1U,00:42,Hj5dCmt2p1U,681.16,42
https://www.youtube.com/watch?v=Kd8kxPa7SFM,00:57,Kd8kxPa7SFM,2500.12,57
https://www.youtube.com/watch?v=pcfPVj5qR1E,02:40,pcfPVj5qR1E,2357.82,160
https://www.youtube.com/watch?v=CkiUZghP3vs,00:51,CkiUZghP3vs,2500.04,51
https://www.youtube.com/watch?v=t0w4UhLfMLE,00:35,t0w4UhLfMLE,689.02,35
https://www.youtube.com/watch?v=FFJb0M-cur0,00:35,FFJb0M-cur0,682.74,35
https://www.youtube.com/watch?v=oAu9BfbSEVg,00:39,oAu9BfbSEVg,682.02,39
https://www.youtube.com/watch?v=7sVazu3D5hY,02:32,7sVazu3D5hY,2399.04,152
https://www.youtube.com/watch?v=t1xLZWp2eBc,00:35,t1xLZWp2eBc,689.08,35
https://www.youtube.com/watch?v=vbAoM23sK7o,02:06,vbAoM23sK7o,2425.04,126
https://www.youtube.com/watch?v=iIeq7LpfX88,02:17,iIeq7LpfX88,2414.04,137
https://www.youtube.com/watch?v=Gkdt36SNc7Q,02:21,Gkdt36SNc7Q,2410.04,141
https://www.youtube.com/watch?v=H4SUypWjfYY,00:47,H4SUypWjfYY,673.94,47
https://www.youtube.com/watch?v=C_ODFlqURxY,02:44,C_ODFlqURxY,2385.94,164
https://www.youtube.com/watch?v=N8Q3M4Nbql8,00:31,N8Q3M4Nbql8,690.02,31
https://www.youtube.com/watch?v=m9iTPoY_R3E,00:32,m9iTPoY_R3E,689.06,32
https://www.youtube.com/watch?v=z8RRNf0uCNk,00:55,z8RRNf0uCNk,1656.02,55
https://www.youtube.com/watch?v=jeFHnYw0-pA,00:40,jeFHnYw0-pA,687.06,40
https://www.youtube.com/watch?v=Q5H9ShuD2ts,00:42,Q5H9ShuD2ts,682.04,42
https://www.youtube.com/watch?v=Mhs6u6dCHnQ,00:42,Mhs6u6dCHnQ,679.62,42
https://www.youtube.com/watch?v=A62KTwbyU6s,01:22,A62KTwbyU6s,2469.04,82
https://www.youtube.com/watch?v=PudZNM276CY,02:41,PudZNM276CY,2390.04,161
https://www.youtube.com/watch?v=qLSt4VtmT5M,01:45,qLSt4VtmT5M,2446.04,105
https://www.youtube.com/watch?v=QnQ6o2pSQS8,02:15,QnQ6o2pSQS8,2420.6,135
https://www.youtube.com/watch?v=uwuqeaH-osQ,01:23,uwuqeaH-osQ,2475.92,83
https://www.youtube.com/watch?v=9ZxWTXoW_SM,00:55,9ZxWTXoW_SM,2499.44,55
https://www.youtube.com/watch?v=lIGtvaWep1M,01:44,lIGtvaWep1M,1610.04,104
https://www.youtube.com/watch?v=8i0QnUUIMg0,01:01,8i0QnUUIMg0,2489.04,61
https://www.youtube.com/watch?v=1lNSXB4i4fE,00:50,1lNSXB4i4fE,2501.04,50
https://www.youtube.com/watch?v=iNAxfWCwDsw,01:23,iNAxfWCwDsw,2476.58,83
https://www.youtube.com/watch?v=ec_7SK9-zs0,01:34,ec_7SK9-zs0,2457.84,94
https://www.youtube.com/watch?v=a7EOYvCkRDQ,01:12,a7EOYvCkRDQ,2487.26,72
https://www.youtube.com/watch?v=D3CGD13KYEA,02:28,D3CGD13KYEA,2405.36,148
https://www.youtube.com/watch?v=N0yuV0XEz98,00:41,N0yuV0XEz98,686.06,41
https://www.youtube.com/watch?v=hFsQ4Juz3-k,01:01,hFsQ4Juz3-k,1505.18,61
https://www.youtube.com/watch?v=8aIzARbiyN0,02:19,8aIzARbiyN0,1108.88,139
https://www.youtube.com/watch?v=3beI0f8G-3A,01:03,3beI0f8G-3A,2487.48,63
https://www.youtube.com/watch?v=EDVl-uCWFoI,00:54,EDVl-uCWFoI,1510.1,54
https://www.youtube.com/watch?v=zIGbglprvGo,01:12,zIGbglprvGo,655.02,72
https://www.youtube.com/watch?v=YKtm-6ehxG8,01:53,YKtm-6ehxG8,2439.52,113
https://www.youtube.com/watch?v=n01IHHBrGFg,01:38,n01IHHBrGFg,3123.12,98
https://www.youtube.com/watch?v=MT-pV48XBI4,02:50,MT-pV48XBI4,4952.14,170
https://www.youtube.com/watch?v=2u2yHjoYI8Y,01:29,2u2yHjoYI8Y,3117.72,89
https://www.youtube.com/watch?v=9gXa-bs_9i0,01:34,9gXa-bs_9i0,3119.1,94
https://www.youtube.com/watch?v=ifqbjLSrNqI,02:30,ifqbjLSrNqI,3087.26,150
https://www.youtube.com/watch?v=K0UEY1PVRVY,01:12,K0UEY1PVRVY,3124.08,72
https://www.youtube.com/watch?v=w5TPlgp4g6c,02:00,w5TPlgp4g6c,3112.78,120
https://www.youtube.com/watch?v=xORGUTIWVmU,01:12,xORGUTIWVmU,3136.16,72
https://www.youtube.com/watch?v=Wi94Lxx1bhc,03:12,Wi94Lxx1bhc,3094.12,192
https://www.youtube.com/watch?v=U3TCkzmck_Y,01:24,U3TCkzmck_Y,3137.78,84
https://www.youtube.com/watch?v=ZkC9xVTOfNg,02:20,ZkC9xVTOfNg,3064.7,140
https://www.youtube.com/watch?v=OBD2K2pwkx0,02:57,OBD2K2pwkx0,4537.14,177
https://www.youtube.com/watch?v=YNIkkPdF_P8,01:10,YNIkkPdF_P8,2962.04,263
https://www.youtube.com/watch?v=gR4YBDzPzd0,04:00,gR4YBDzPzd0,6532.16,283
https://www.youtube.com/watch?v=oQtDrV9GcEg,02:11,oQtDrV9GcEg,3075.08,131
https://www.youtube.com/watch?v=KnDhL4cso9I,02:23,KnDhL4cso9I,3065.16,143
https://www.youtube.com/watch?v=ZRvPmy2yIl8,02:06,ZRvPmy2yIl8,3079.1,126
https://www.youtube.com/watch?v=Rlk-x2gkglk,02:52,Rlk-x2gkglk,6619.14,172
https://www.youtube.com/watch?v=j2S1gtrXm_s,00:31,j2S1gtrXm_s,1536.1,31
https://www.youtube.com/watch?v=-uIRc_QdRKk,01:03,#NAME?,1519.34,63
https://www.youtube.com/watch?v=rrTG_PKQIws,01:31,rrTG_PKQIws,3268.38,91
https://www.youtube.com/watch?v=2ZXQmgvZ43Y,00:51,2ZXQmgvZ43Y,3238.8,51
https://www.youtube.com/watch?v=SkIjSx2Ax0U,01:25,SkIjSx2Ax0U,3185.5,85
https://www.youtube.com/watch?v=BBk9gbKsT6I,01:05,BBk9gbKsT6I,3196.16,65
https://www.youtube.com/watch?v=2n7xgho1gIo,01:05,2n7xgho1gIo,3205.44,65
https://www.youtube.com/watch?v=ykXKit5hvJ8,01:05,ykXKit5hvJ8,3205.44,65
https://www.youtube.com/watch?v=BLoTRK7sPk8,01:25,BLoTRK7sPk8,3149.46,85
https://www.youtube.com/watch?v=mODzdx9EJpY,01:21,mODzdx9EJpY,2642.94,81
https://www.youtube.com/watch?v=Zb2_AhdwSH0,01:20,Zb2_AhdwSH0,2643.98,80
https://www.youtube.com/watch?v=nKu_3kp_EIY,00:58,nKu_3kp_EIY,2605,58
https://www.youtube.com/watch?v=I6ACY41CAJ0,01:21,I6ACY41CAJ0,2642.98,81
https://www.youtube.com/watch?v=O5kScJae-0E,01:49,O5kScJae-0E,2535,109
https://www.youtube.com/watch?v=Qvw9w3N1TO4,01:22,Qvw9w3N1TO4,2641.94,82
https://www.youtube.com/watch?v=TlF8M_U7khI,01:34,TlF8M_U7khI,2550,94
https://www.youtube.com/watch?v=8RT34RC-IvA,01:22,8RT34RC-IvA,2642.32,82
https://www.youtube.com/watch?v=A1JOsKu-xIE,01:27,A1JOsKu-xIE,2557,87
https://www.youtube.com/watch?v=JAV2lPR5mfc,02:50,JAV2lPR5mfc,5140.9,170
https://www.youtube.com/watch?v=0wOzaVP75ew,01:23,0wOzaVP75ew,2640.98,83
https://www.youtube.com/watch?v=D6_e6yKH26Q,01:00,D6_e6yKH26Q,2604.06,60
https://www.youtube.com/watch?v=sCxWutIeGnw,01:20,sCxWutIeGnw,2643.94,80
https://www.youtube.com/watch?v=pW8HeVqF20M,01:21,pW8HeVqF20M,2643.04,81
https://www.youtube.com/watch?v=m8PnhEXvzFk,02:02,m8PnhEXvzFk,2542.02,122
https://www.youtube.com/watch?v=U1q99Wr6nE0,01:20,U1q99Wr6nE0,2639.1,80
https://www.youtube.com/watch?v=Lk9QKRM_8Jo,00:47,Lk9QKRM_8Jo,2616.94,47
https://www.youtube.com/watch?v=jB-CIuUZloM,01:26,jB-CIuUZloM,2639.06,86
https://www.youtube.com/watch?v=51dzWMMDok8,00:46,51dzWMMDok8,2617.94,46
https://www.youtube.com/watch?v=T9Wi9wteEow,01:15,T9Wi9wteEow,2699.06,75
https://www.youtube.com/watch?v=khyuH_QfoWU,00:48,khyuH_QfoWU,2615.94,48
https://www.youtube.com/watch?v=5kB80aO3O0U,01:43,5kB80aO3O0U,2560.94,103
https://www.youtube.com/watch?v=mhjjyQmqfGs,00:46,mhjjyQmqfGs,2617.94,46
https://www.youtube.com/watch?v=9qRxNYuR2c4,01:30,9qRxNYuR2c4,2573.94,90
https://www.youtube.com/watch?v=l-YcpwsKPhA,00:47,l-YcpwsKPhA,2616.94,47
https://www.youtube.com/watch?v=plalHGHwSj8,01:35,plalHGHwSj8,2568.94,95
https://www.youtube.com/watch?v=dJFuK_oikQk,00:43,dJFuK_oikQk,2620.94,43
https://www.youtube.com/watch?v=XYzJBJi_5S0,01:46,XYzJBJi_5S0,2735.96,106
https://www.youtube.com/watch?v=uj1nnnCPAKA,02:25,uj1nnnCPAKA,2696.96,145
https://www.youtube.com/watch?v=ivWUZf2-M_U,01:21,ivWUZf2-M_U,2760.96,81
https://www.youtube.com/watch?v=ATvKJ_HftNs,01:58,ATvKJ_HftNs,2899.98,118
https://www.youtube.com/watch?v=4W_P_Yxhnt0,01:29,4W_P_Yxhnt0,2574.94,89
https://www.youtube.com/watch?v=ok8NYX1ddM8,02:19,ok8NYX1ddM8,2878.98,139
https://www.youtube.com/watch?v=rNbpuXWKOl0,04:02,rNbpuXWKOl0,2421.94,242
https://www.youtube.com/watch?v=gwIb6S8suSs,02:06,gwIb6S8suSs,2891.98,126
https://www.youtube.com/watch?v=pxqkKoeKi7M,00:57,pxqkKoeKi7M,2784.96,57
https://www.youtube.com/watch?v=d2Fl9UcJkBA,02:33,d2Fl9UcJkBA,2865.08,153
https://www.youtube.com/watch?v=nYrEt74-t9o,01:24,nYrEt74-t9o,2580.76,84
https://www.youtube.com/watch?v=XEyV8o2dp7M,02:14,XEyV8o2dp7M,2883.98,134
https://www.youtube.com/watch?v=szg3dIZ8xDc,02:42,szg3dIZ8xDc,2679.9,162
https://www.youtube.com/watch?v=W3ApTMpzAho,02:16,W3ApTMpzAho,2706.9,136
https://www.youtube.com/watch?v=A0yu7nP50rM,03:08,A0yu7nP50rM,2652,188
https://www.youtube.com/watch?v=oh_oDr8vg-Y,01:13,oh_oDr8vg-Y,2771.78,73
https://www.youtube.com/watch?v=YtAL8y2lACs,03:08,YtAL8y2lACs,2651.96,188
https://www.youtube.com/watch?v=rWH4XGO1KSU,01:07,rWH4XGO1KSU,2596.98,67
https://www.youtube.com/watch?v=3M6Z5FZQfcQ,01:21,3M6Z5FZQfcQ,2582.94,81
https://www.youtube.com/watch?v=FYBl4DcwK7E,02:13,FYBl4DcwK7E,2616.9,133
https://www.youtube.com/watch?v=30r45P1JFys,02:20,30r45P1JFys,2702.04,140
https://www.youtube.com/watch?v=C5jpbwizxBs,00:43,C5jpbwizxBs,1292.18,43
https://www.youtube.com/watch?v=vbl7QeqfE-Q,02:06,vbl7QeqfE-Q,2538.12,126
https://www.youtube.com/watch?v=0ISWvo_5_XE,01:32,0ISWvo_5_XE,2572.12,92
https://www.youtube.com/watch?v=4voKyRJMs3Y,01:42,4voKyRJMs3Y,2562.12,102
https://www.youtube.com/watch?v=3VyfN30XzDM,01:21,3VyfN30XzDM,2571.08,81
https://www.youtube.com/watch?v=32B2HuMtSGE,01:40,32B2HuMtSGE,2562.42,100
https://www.youtube.com/watch?v=XGPReaxXSfk,01:01,XGPReaxXSfk,2563.98,61
https://www.youtube.com/watch?v=GjCrfNE7_EU,02:20,GjCrfNE7_EU,4116.04,140
https://www.youtube.com/watch?v=ErPsyBUCijM,02:01,ErPsyBUCijM,2721.02,121
https://www.youtube.com/watch?v=7MFKy7DJsCY,00:49,7MFKy7DJsCY,2615.06,49
https://www.youtube.com/watch?v=wZORPVmXN7k,02:23,wZORPVmXN7k,2875.04,143
https://www.youtube.com/watch?v=LAtH9WRISH8,02:00,LAtH9WRISH8,4136.1,120
https://www.youtube.com/watch?v=-obKX-mqjXQ,01:53,#NAME?,2551.14,113
https://www.youtube.com/watch?v=3rHxgKI97s4,01:07,3rHxgKI97s4,2597.14,67
https://www.youtube.com/watch?v=cTF9RzEI5Ao,00:58,cTF9RzEI5Ao,2606.06,58
https://www.youtube.com/watch?v=NcRifDitRnU,01:30,NcRifDitRnU,2752.06,90
https://www.youtube.com/watch?v=EexZjx3YOuQ,02:13,EexZjx3YOuQ,2709.26,133
https://www.youtube.com/watch?v=P2lTNwhtMi4,01:22,P2lTNwhtMi4,2634.04,82
https://www.youtube.com/watch?v=xh0bWb5vi8I,02:08,xh0bWb5vi8I,2719.2,128
https://www.youtube.com/watch?v=7OMxBlK46wY,01:03,7OMxBlK46wY,2601.28,63
https://www.youtube.com/watch?v=5c-fH8zKebg,00:57,5c-fH8zKebg,2785.24,57
https://www.youtube.com/watch?v=xi6r3hZe5Tg,01:20,xi6r3hZe5Tg,2584.66,80
https://www.youtube.com/watch?v=llh52RktRxU,01:21,llh52RktRxU,2584.18,81
https://www.youtube.com/watch?v=JYLebAWfKiQ,02:50,JYLebAWfKiQ,4174.66,170
https://www.youtube.com/watch?v=TwaIQy0VQso,00:36,TwaIQy0VQso,2795.1,36
https://www.youtube.com/watch?v=DGL0p417I5M,01:25,DGL0p417I5M,2579.02,85
https://www.youtube.com/watch?v=89xTTczbv0E,01:52,89xTTczbv0E,2545.04,119
https://www.youtube.com/watch?v=mODzdx9EJpY,01:21,mODzdx9EJpY,2642.94,81
https://www.youtube.com/watch?v=Zb2_AhdwSH0,01:20,Zb2_AhdwSH0,2643.98,80
https://www.youtube.com/watch?v=nKu_3kp_EIY,00:58,nKu_3kp_EIY,2605,58
https://www.youtube.com/watch?v=I6ACY41CAJ0,01:21,I6ACY41CAJ0,2642.98,81
https://www.youtube.com/watch?v=O5kScJae-0E,01:49,O5kScJae-0E,2535,109
https://www.youtube.com/watch?v=Qvw9w3N1TO4,01:22,Qvw9w3N1TO4,2641.94,82
https://www.youtube.com/watch?v=TlF8M_U7khI,01:34,TlF8M_U7khI,2550,94
https://www.youtube.com/watch?v=8RT34RC-IvA,01:22,8RT34RC-IvA,2642.32,82
https://www.youtube.com/watch?v=A1JOsKu-xIE,01:27,A1JOsKu-xIE,2557,87
https://www.youtube.com/watch?v=JAV2lPR5mfc,02:50,JAV2lPR5mfc,5140.9,170
https://www.youtube.com/watch?v=0wOzaVP75ew,01:23,0wOzaVP75ew,2640.98,83
https://www.youtube.com/watch?v=D6_e6yKH26Q,01:00,D6_e6yKH26Q,2604.06,60
https://www.youtube.com/watch?v=sCxWutIeGnw,01:20,sCxWutIeGnw,2643.94,80
https://www.youtube.com/watch?v=pW8HeVqF20M,01:21,pW8HeVqF20M,2643.04,81
https://www.youtube.com/watch?v=m8PnhEXvzFk,02:02,m8PnhEXvzFk,2542.02,122
https://www.youtube.com/watch?v=U1q99Wr6nE0,01:20,U1q99Wr6nE0,2639.1,80
https://www.youtube.com/watch?v=Lk9QKRM_8Jo,00:47,Lk9QKRM_8Jo,2616.94,47
https://www.youtube.com/watch?v=jB-CIuUZloM,01:26,jB-CIuUZloM,2639.06,86
https://www.youtube.com/watch?v=51dzWMMDok8,00:46,51dzWMMDok8,2617.94,46
https://www.youtube.com/watch?v=T9Wi9wteEow,01:15,T9Wi9wteEow,2699.06,75
https://www.youtube.com/watch?v=khyuH_QfoWU,00:48,khyuH_QfoWU,2615.94,48
https://www.youtube.com/watch?v=5kB80aO3O0U,01:43,5kB80aO3O0U,2560.94,103
https://www.youtube.com/watch?v=mhjjyQmqfGs,00:46,mhjjyQmqfGs,2617.94,46
https://www.youtube.com/watch?v=9qRxNYuR2c4,01:30,9qRxNYuR2c4,2573.94,90
https://www.youtube.com/watch?v=l-YcpwsKPhA,00:47,l-YcpwsKPhA,2616.94,47
https://www.youtube.com/watch?v=plalHGHwSj8,01:35,plalHGHwSj8,2568.94,95
https://www.youtube.com/watch?v=dJFuK_oikQk,00:43,dJFuK_oikQk,2620.94,43
https://www.youtube.com/watch?v=XYzJBJi_5S0,01:46,XYzJBJi_5S0,2735.96,106
https://www.youtube.com/watch?v=uj1nnnCPAKA,02:25,uj1nnnCPAKA,2696.96,145
https://www.youtube.com/watch?v=ivWUZf2-M_U,01:21,ivWUZf2-M_U,2760.96,81
https://www.youtube.com/watch?v=ATvKJ_HftNs,01:58,ATvKJ_HftNs,2899.98,118
https://www.youtube.com/watch?v=4W_P_Yxhnt0,01:29,4W_P_Yxhnt0,2574.94,89
https://www.youtube.com/watch?v=ok8NYX1ddM8,02:19,ok8NYX1ddM8,2878.98,139
https://www.youtube.com/watch?v=rNbpuXWKOl0,04:02,rNbpuXWKOl0,2421.94,242
https://www.youtube.com/watch?v=gwIb6S8suSs,02:06,gwIb6S8suSs,2891.98,126
https://www.youtube.com/watch?v=pxqkKoeKi7M,00:57,pxqkKoeKi7M,2784.96,57
https://www.youtube.com/watch?v=d2Fl9UcJkBA,02:33,d2Fl9UcJkBA,2865.08,153
https://www.youtube.com/watch?v=nYrEt74-t9o,01:24,nYrEt74-t9o,2580.76,84
https://www.youtube.com/watch?v=XEyV8o2dp7M,02:14,XEyV8o2dp7M,2883.98,134
https://www.youtube.com/watch?v=szg3dIZ8xDc,02:42,szg3dIZ8xDc,2679.9,162
https://www.youtube.com/watch?v=W3ApTMpzAho,02:16,W3ApTMpzAho,2706.9,136
https://www.youtube.com/watch?v=A0yu7nP50rM,03:08,A0yu7nP50rM,2652,188
https://www.youtube.com/watch?v=oh_oDr8vg-Y,01:13,oh_oDr8vg-Y,2771.78,73
https://www.youtube.com/watch?v=YtAL8y2lACs,03:08,YtAL8y2lACs,2651.96,188
https://www.youtube.com/watch?v=rWH4XGO1KSU,01:07,rWH4XGO1KSU,2596.98,67
https://www.youtube.com/watch?v=3M6Z5FZQfcQ,01:21,3M6Z5FZQfcQ,2582.94,81
https://www.youtube.com/watch?v=FYBl4DcwK7E,02:13,FYBl4DcwK7E,2616.9,133
https://www.youtube.com/watch?v=30r45P1JFys,02:20,30r45P1JFys,2702.04,140
https://www.youtube.com/watch?v=C5jpbwizxBs,00:43,C5jpbwizxBs,1292.18,43
https://www.youtube.com/watch?v=vbl7QeqfE-Q,02:06,vbl7QeqfE-Q,2538.12,126
https://www.youtube.com/watch?v=0ISWvo_5_XE,01:32,0ISWvo_5_XE,2572.12,92
https://www.youtube.com/watch?v=4voKyRJMs3Y,01:42,4voKyRJMs3Y,2562.12,102
https://www.youtube.com/watch?v=3VyfN30XzDM,01:21,3VyfN30XzDM,2571.08,81
https://www.youtube.com/watch?v=32B2HuMtSGE,01:40,32B2HuMtSGE,2562.42,100
https://www.youtube.com/watch?v=XGPReaxXSfk,01:01,XGPReaxXSfk,2563.98,61
https://www.youtube.com/watch?v=GjCrfNE7_EU,02:20,GjCrfNE7_EU,4116.04,140
https://www.youtube.com/watch?v=ErPsyBUCijM,02:01,ErPsyBUCijM,2721.02,121
https://www.youtube.com/watch?v=7MFKy7DJsCY,00:49,7MFKy7DJsCY,2615.06,49
https://www.youtube.com/watch?v=wZORPVmXN7k,02:23,wZORPVmXN7k,2875.04,143
https://www.youtube.com/watch?v=LAtH9WRISH8,02:00,LAtH9WRISH8,4136.1,120
https://www.youtube.com/watch?v=-obKX-mqjXQ,01:53,#NAME?,2551.14,113
https://www.youtube.com/watch?v=3rHxgKI97s4,01:07,3rHxgKI97s4,2597.14,67
https://www.youtube.com/watch?v=cTF9RzEI5Ao,00:58,cTF9RzEI5Ao,2606.06,58
https://www.youtube.com/watch?v=NcRifDitRnU,01:30,NcRifDitRnU,2752.06,90
https://www.youtube.com/watch?v=EexZjx3YOuQ,02:13,EexZjx3YOuQ,2709.26,133
https://www.youtube.com/watch?v=P2lTNwhtMi4,01:22,P2lTNwhtMi4,2634.04,82
https://www.youtube.com/watch?v=xh0bWb5vi8I,02:08,xh0bWb5vi8I,2719.2,128
https://www.youtube.com/watch?v=7OMxBlK46wY,01:03,7OMxBlK46wY,2601.28,63
https://www.youtube.com/watch?v=5c-fH8zKebg,00:57,5c-fH8zKebg,2785.24,57
https://www.youtube.com/watch?v=xi6r3hZe5Tg,01:20,xi6r3hZe5Tg,2584.66,80
https://www.youtube.com/watch?v=llh52RktRxU,01:21,llh52RktRxU,2584.18,81
https://www.youtube.com/watch?v=JYLebAWfKiQ,02:50,JYLebAWfKiQ,4174.66,170
https://www.youtube.com/watch?v=TwaIQy0VQso,00:36,TwaIQy0VQso,2795.1,36
https://www.youtube.com/watch?v=DGL0p417I5M,01:25,DGL0p417I5M,2579.02,85
https://www.youtube.com/watch?v=89xTTczbv0E,01:59,89xTTczbv0E,2545.04,119
https://www.youtube.com/watch?v=OY7IPG29a6E,00:40,OY7IPG29a6E,2759.04,40
https://www.youtube.com/watch?v=KBTHfLo0JmQ,01:17,KBTHfLo0JmQ,1590.68,77
https://www.youtube.com/watch?v=eCSOQP9QTXI,01:04,eCSOQP9QTXI,2599.98,64
https://www.youtube.com/watch?v=-AndA2beJVc,01:13,#NAME?,2591.06,73
https://www.youtube.com/watch?v=SF-bC6djHRA,01:24,SF-bC6djHRA,2573.5,84
https://www.youtube.com/watch?v=WepnzaNLLMI,01:50,WepnzaNLLMI,2200.5,110
https://www.youtube.com/watch?v=-Hw4iTB_Zs4,01:15,#NAME?,5595.02,75
https://www.youtube.com/watch?v=DubYG9gO60Q,01:06,DubYG9gO60Q,2598.04,66
https://www.youtube.com/watch?v=VrA9R6WyoL8,01:28,VrA9R6WyoL8,3480.22,88
https://www.youtube.com/watch?v=E2RzuoQ1t7k,02:20,E2RzuoQ1t7k,2701.98,140
https://www.youtube.com/watch?v=7n1Su9AGqsE,01:25,7n1Su9AGqsE,2571.98,85
https://www.youtube.com/watch?v=7jyWtgp9qTE,01:53,7jyWtgp9qTE,2551.1,113
https://www.youtube.com/watch?v=7-6pB0Zj5LY,01:45,7-6pB0Zj5LY,2737.02,105
https://www.youtube.com/watch?v=eS6a6btDK8M,01:30,eS6a6btDK8M,2350.12,327
https://www.youtube.com/watch?v=ZBkCKdHDaN0,02:43,ZBkCKdHDaN0,2414.04,250
https://www.youtube.com/watch?v=SVmgYOAsQzY,01:40,SVmgYOAsQzY,2557.56,100
https://www.youtube.com/watch?v=WfXRTZdyIe0,01:36,WfXRTZdyIe0,2563.02,96
https://www.youtube.com/watch?v=9c9H2bdnvPI,00:55,9c9H2bdnvPI,2529.98,55
https://www.youtube.com/watch?v=Ap8jTCMK3c4,01:10,Ap8jTCMK3c4,2771.98,70
https://www.youtube.com/watch?v=GhwGBSTUUiE,00:52,GhwGBSTUUiE,2605.04,52
https://www.youtube.com/watch?v=-daiRFT0dWw,01:34,#NAME?,2570.04,94
https://www.youtube.com/watch?v=UJmWicdFrts,01:24,UJmWicdFrts,2761.02,84
https://www.youtube.com/watch?v=jcIUcupDDS8,01:50,jcIUcupDDS8,2547.04,110
https://www.youtube.com/watch?v=UqwSahByqfQ,02:04,UqwSahByqfQ,5513.06,124
https://www.youtube.com/watch?v=_ripvSoRb0Y,02:10,_ripvSoRb0Y,2711.98,130
https://www.youtube.com/watch?v=OU9G7R5GxAg,02:00,OU9G7R5GxAg,2544.04,120
https://www.youtube.com/watch?v=-lg-pRW2yuc,00:47,#NAME?,2617.02,47
https://www.youtube.com/watch?v=9o-HbRqbnRE,02:00,9o-HbRqbnRE,2804.1,120
https://www.youtube.com/watch?v=5H3iFivmkW0,01:42,5H3iFivmkW0,756.06,102
https://www.youtube.com/watch?v=dCWSpUHffkg,01:51,dCWSpUHffkg,2545.42,111
https://www.youtube.com/watch?v=IvZ2VBd_vHQ,02:09,IvZ2VBd_vHQ,2717,129
https://www.youtube.com/watch?v=Y8ePgiD8oiI,01:48,Y8ePgiD8oiI,2734.02,108
https://www.youtube.com/watch?v=gQcMa9kPfR4,02:50,gQcMa9kPfR4,2364.98,170
https://www.youtube.com/watch?v=uu884SmwKFw,02:20,uu884SmwKFw,2520.1,140
https://www.youtube.com/watch?v=6GFiqLzeKJ4,02:16,6GFiqLzeKJ4,2523.64,136
https://www.youtube.com/watch?v=VB_WUMtdjpU,02:00,VB_WUMtdjpU,2543.98,120
https://www.youtube.com/watch?v=dqoqnJPGxA0,01:40,dqoqnJPGxA0,2741.98,100
https://www.youtube.com/watch?v=Ei-TcECJVXU,01:35,Ei-TcECJVXU,2569.02,95
https://www.youtube.com/watch?v=5XfCVk2gZCY,01:34,5XfCVk2gZCY,2570.02,94
https://www.youtube.com/watch?v=g7gWuP06zEc,01:40,g7gWuP06zEc,2557.38,100
https://www.youtube.com/watch?v=wV_SVFa7zUQ,01:17,wV_SVFa7zUQ,2580.5,77
https://www.youtube.com/watch?v=V4OGs1DehzA,01:12,V4OGs1DehzA,1263.02,72
https://www.youtube.com/watch?v=wAmT-hCCW54,02:16,wAmT-hCCW54,2708.54,136
https://www.youtube.com/watch?v=4p68-lMrjYU,01:52,4p68-lMrjYU,2729.98,112
https://www.youtube.com/watch?v=4LjpDaUYttE,01:24,4LjpDaUYttE,2573.5,84
https://www.youtube.com/watch?v=buys-vhzSws,03:45,buys-vhzSws,2591.38,225
https://www.youtube.com/watch?v=MzB1WOJUenY,01:48,MzB1WOJUenY,2734.02,108
https://www.youtube.com/watch?v=Ja110qpd0wU,02:12,Ja110qpd0wU,2532.04,132
https://www.youtube.com/watch?v=KAxMztzFUHg,02:20,KAxMztzFUHg,2707.04,140
https://www.youtube.com/watch?v=dCydPd_lbyE,01:53,dCydPd_lbyE,2613,113
https://www.youtube.com/watch?v=s3Kzt5_Jixg,03:29,s3Kzt5_Jixg,2632.98,209
https://www.youtube.com/watch?v=uW-13ezjhts,02:20,uW-13ezjhts,2435.6,140
https://www.youtube.com/watch?v=5F0KU_A1Xn0,02:15,5F0KU_A1Xn0,5950.36,267
https://www.youtube.com/watch?v=zxKPjD8urG4,01:49,zxKPjD8urG4,2733.02,109
https://www.youtube.com/watch?v=XKoYY0H0MCU,01:13,XKoYY0H0MCU,2557.04,73
https://www.youtube.com/watch?v=m1IUGdK7X0U,03:20,m1IUGdK7X0U,2458.98,340
https://www.youtube.com/watch?v=hInAmmQSfI4,01:32,hInAmmQSfI4,2572.04,92
https://www.youtube.com/watch?v=-rhiagaSPdQ,01:21,#NAME?,2575.5,81
https://www.youtube.com/watch?v=WTy54nYFrWI,00:53,WTy54nYFrWI,2602.08,53
https://www.youtube.com/watch?v=3R6UPzGBuMg,01:50,3R6UPzGBuMg,2554.02,110
https://www.youtube.com/watch?v=0BiGmH5n91k,00:58,0BiGmH5n91k,2598.98,58
https://www.youtube.com/watch?v=B6D4XPFvaHU,01:02,B6D4XPFvaHU,5251.98,62
https://www.youtube.com/watch?v=KY4ttmMydFA,02:51,KY4ttmMydFA,2485.98,171
https://www.youtube.com/watch?v=sqfQXL8gxGE,01:06,sqfQXL8gxGE,2598.04,66
https://www.youtube.com/watch?v=VANTQdAm5eA,01:15,VANTQdAm5eA,2589.04,75
https://www.youtube.com/watch?v=IlW9fOAC8Ec,01:31,IlW9fOAC8Ec,1247.02,91
https://www.youtube.com/watch?v=CULF6vzesPI,01:06,CULF6vzesPI,2591.08,66
https://www.youtube.com/watch?v=Ug4AAzEsFf4,02:40,Ug4AAzEsFf4,2503.94,160
https://www.youtube.com/watch?v=qdkkpaaEb6g,03:20,qdkkpaaEb6g,2460.14,200
https://www.youtube.com/watch?v=yYaBiPzSaPI,01:50,yYaBiPzSaPI,2554.04,110
https://www.youtube.com/watch?v=8QXubl0V_8g,02:50,8QXubl0V_8g,6684.62,170
https://www.youtube.com/watch?v=z6eglJleDh4,01:25,z6eglJleDh4,1253.02,85
https://www.youtube.com/watch?v=VRRbOsQgRXU,01:30,VRRbOsQgRXU,2574.02,90
https://www.youtube.com/watch?v=YM_Xpsx8RG4,01:44,YM_Xpsx8RG4,1234.02,104
https://www.youtube.com/watch?v=HvOf2ntOr3U,01:10,HvOf2ntOr3U,2594.02,70
https://www.youtube.com/watch?v=eWsmXtq2iAQ,01:19,eWsmXtq2iAQ,2585.02,79
https://www.youtube.com/watch?v=vH98XFxys8M,00:25,vH98XFxys8M,2639.02,25
https://www.youtube.com/watch?v=tzBmrpFNcH4,02:03,tzBmrpFNcH4,2541.04,123
https://www.youtube.com/watch?v=QyJG3aPpq_o,00:40,QyJG3aPpq_o,2624.02,40
https://www.youtube.com/watch?v=hEmWXFZVigw,01:24,hEmWXFZVigw,2580.02,84
https://www.youtube.com/watch?v=MNGSZmFwT8w,01:51,MNGSZmFwT8w,2546.5,111
https://www.youtube.com/watch?v=YvhYQCIQ-Hk,01:27,YvhYQCIQ-Hk,2577.02,87
https://www.youtube.com/watch?v=4fVjsSiAYZ8,01:28,4fVjsSiAYZ8,2753.98,88
https://www.youtube.com/watch?v=U_0_0gsJKoo,00:35,U_0_0gsJKoo,2621.08,35
https://www.youtube.com/watch?v=4jpXt-Y-Nm4,01:30,4jpXt-Y-Nm4,2481.98,90
https://www.youtube.com/watch?v=El82kmADNQw,00:33,El82kmADNQw,2631.02,33
https://www.youtube.com/watch?v=QLzJDFevQHM,00:56,QLzJDFevQHM,2599.08,56
https://www.youtube.com/watch?v=wmweNhFtHQY,03:30,wmweNhFtHQY,2414.02,250
https://www.youtube.com/watch?v=MwFUh286FE4,01:00,MwFUh286FE4,2604.06,60
https://www.youtube.com/watch?v=3iPyf1V5jYk,01:28,3iPyf1V5jYk,2177.42,480
https://www.youtube.com/watch?v=G6OD65BigfA,00:38,G6OD65BigfA,2626.02,38
https://www.youtube.com/watch?v=lAaug5r4OJc,01:47,lAaug5r4OJc,2557.02,107
https://www.youtube.com/watch?v=SbNOO6VTf5s,02:13,SbNOO6VTf5s,2523,133